fps,low1pct,cpu_ms,gpu_ms,Gameplay Update,Physics,Render Collect,Shadow Pass,Scene Pass (FBX),Sprite Pass,Effect Update,Effect Draw,Debug/ImGui,gpu_shadow,gpu_scene,gpu_effect,gpu_sprite,effect_calls,effect_verts,effect_instances
43.8,10.0,22.84,0.10,0.05,0.29,0.01,0.22,0.33,0.12,0.09,0.24,1.42,0.041,0.103,0.000,0.000,2,120,70
52.2,10.0,19.17,0.18,0.10,0.52,0.01,0.30,0.54,0.16,1.62,1.10,2.15,0.084,0.109,0.000,0.000,22,8092,3437
54.8,10.0,18.24,0.24,0.08,0.47,0.01,0.27,0.46,0.15,1.94,1.40,0.34,0.134,0.112,0.001,0.000,26,15240,5774
56.1,10.0,17.81,0.27,0.07,0.45,0.01,0.24,0.46,0.17,1.80,1.44,0.37,0.154,0.105,0.000,0.001,20,7960,3158
56.9,10.0,17.57,0.28,0.06,0.38,0.01,0.21,0.38,0.16,2.05,1.48,0.28,0.157,0.110,0.001,0.001,16,48920,7764
57.5,10.0,17.41,0.27,0.11,0.27,0.01,0.20,0.34,0.15,2.00,1.58,0.27,0.134,0.106,0.000,0.001,22,35140,6590
57.8,10.0,17.30,1.01,0.09,0.50,0.01,0.45,0.87,0.27,1.71,0.91,0.48,0.529,1.529,0.018,0.005,2,8,3
60.5,29.8,16.54,1.48,0.20,0.45,0.02,0.70,1.28,0.41,0.44,0.47,0.69,0.239,0.461,0.001,0.005,12,1352,590
60.0,57.2,16.67,0.94,0.22,0.14,0.02,0.52,1.05,0.40,1.23,1.05,0.59,0.233,0.456,0.024,0.006,23,7052,2150
60.0,57.2,16.67,0.92,0.08,0.44,0.01,0.33,0.62,0.34,2.10,1.59,0.40,0.245,0.550,0.026,0.004,37,12944,3795
60.0,57.2,16.67,0.94,0.14,0.28,0.01,0.26,0.47,0.23,1.98,1.72,0.30,0.221,0.506,0.042,0.004,52,17476,5374
60.0,57.2,16.67,3.64,0.07,0.32,0.01,0.28,0.54,0.27,2.09,1.59,0.33,0.420,2.719,0.119,0.011,33,17700,5617
60.0,57.2,16.67,3.52,0.15,0.17,0.01,0.22,0.42,0.26,2.27,2.07,0.30,0.287,0.787,2.032,0.013,48,55088,9977
60.0,57.2,16.66,3.11,0.12,0.22,0.01,0.22,0.43,0.15,2.10,2.04,0.27,0.365,0.874,0.148,0.018,49,54360,9478
60.0,57.2,16.66,3.73,0.06,0.24,0.01,0.28,0.58,0.14,2.08,1.74,0.28,0.364,2.825,0.134,0.030,31,14768,3205
60.0,57.8,16.67,3.69,0.09,0.33,0.01,0.36,0.74,0.16,2.14,1.36,0.36,0.415,2.926,0.140,0.007,44,22036,6643
60.0,57.9,16.67,3.59,0.13,0.28,0.01,0.26,0.52,0.14,2.24,2.12,0.28,0.403,0.869,0.109,0.016,48,40064,11509
60.0,57.9,16.67,2.73,0.10,0.24,0.01,0.20,0.40,0.10,2.17,2.46,0.26,0.385,0.893,0.143,0.012,60,47232,13730
60.0,58.0,16.67,3.01,0.11,0.21,0.01,0.26,0.50,0.13,2.16,1.99,0.27,0.438,2.866,0.126,0.011,40,28628,7784
60.0,58.0,16.66,3.87,0.12,0.25,0.01,0.33,0.67,0.11,2.28,1.96,0.28,0.578,3.408,0.142,0.006,27,52684,7919
60.0,58.0,16.67,4.53,0.13,0.24,0.01,0.39,0.82,0.12,2.12,1.86,0.32,0.534,3.431,0.069,0.005,18,24380,5314
60.0,56.6,16.67,4.05,0.19,0.39,0.01,0.59,1.31,0.19,1.81,0.82,0.52,0.521,3.215,0.011,0.005,11,2132,817
60.0,56.6,16.67,4.16,0.17,0.38,0.01,0.56,1.24,0.16,1.68,1.08,0.46,0.564,3.339,0.073,0.008,28,13136,4522
60.0,56.6,16.67,4.49,0.13,0.25,0.01,0.42,0.87,0.12,1.93,1.48,0.32,0.607,3.464,0.098,0.003,33,19584,6751
60.0,56.6,16.67,4.28,0.13,0.26,0.01,0.38,0.82,0.12,2.07,1.89,0.33,2.549,1.615,0.097,0.007,38,19072,6587
60.0,56.6,16.67,4.73,0.15,0.27,0.01,0.50,1.02,0.12,2.47,1.93,0.32,0.744,1.525,0.156,0.005,60,51220,12829
60.0,56.6,16.67,3.83,0.09,0.21,0.01,0.32,0.68,0.10,2.39,2.59,0.27,2.796,1.895,0.364,0.012,60,79964,16044
60.0,56.6,16.67,4.22,0.08,0.19,0.01,0.30,0.64,0.09,2.43,2.58,0.26,2.794,1.848,0.180,0.018,50,36396,9295
60.0,56.6,16.67,4.73,0.13,0.24,0.01,0.50,1.02,0.11,2.03,1.66,0.31,2.855,1.880,0.102,0.008,29,17832,4040
60.0,57.7,16.66,5.17,0.15,0.31,0.01,0.58,1.22,0.14,2.12,1.49,0.34,2.704,1.906,0.138,0.012,29,12900,3649
60.0,57.7,16.67,5.12,0.15,0.31,0.01,0.56,1.19,0.13,1.98,1.74,0.33,2.613,1.890,0.159,0.008,47,20080,5660
60.0,57.7,16.67,5.63,0.14,0.30,0.01,0.63,1.35,0.12,1.93,1.64,0.30,2.886,2.224,0.143,0.011,39,15924,4457
60.0,57.7,16.67,5.41,0.17,0.25,0.01,0.53,1.09,0.12,2.21,1.89,0.27,2.754,2.345,0.158,0.011,36,56004,9474
60.0,57.7,16.67,5.41,0.08,0.25,0.01,0.52,1.09,0.12,2.28,2.06,0.28,2.538,2.239,0.100,0.013,33,37128,7700
60.0,57.7,16.67,5.10,0.08,0.27,0.01,0.51,1.20,0.12,1.75,1.30,0.32,0.682,1.526,0.150,0.009,32,13572,3221
60.0,57.7,16.67,5.17,0.09,0.35,0.01,0.69,1.63,0.14,2.32,1.64,0.41,2.546,2.103,0.172,0.010,45,23840,7583
60.0,57.8,16.67,5.06,0.14,0.26,0.01,0.50,1.04,0.11,2.24,2.21,0.27,0.695,2.730,0.063,0.005,54,42616,12559
60.0,57.8,16.67,2.93,0.12,0.21,0.01,0.41,0.89,0.10,2.30,2.52,0.26,0.706,2.735,0.039,0.004,63,47788,13697
60.0,57.8,16.67,3.16,0.07,0.19,0.01,0.46,1.01,0.11,2.20,2.08,0.25,0.696,2.739,0.052,0.004,43,33212,9543
60.0,57.8,16.66,3.53,0.12,0.23,0.01,0.51,1.14,0.12,2.29,2.17,0.26,0.614,2.676,0.056,0.005,36,56372,8334
60.0,57.5,16.67,3.52,0.09,0.33,0.01,0.62,1.38,0.14,2.11,1.91,0.30,0.592,2.660,0.038,0.003,28,18608,4060
60.0,57.3,16.67,3.18,0.12,0.47,0.02,1.24,2.39,0.21,1.60,0.77,0.61,0.621,2.605,0.005,0.004,7,1460,491
60.0,57.3,16.67,3.33,0.22,0.44,0.02,1.01,2.03,0.17,1.77,0.91,0.50,0.614,2.598,0.010,0.004,22,10416,3936
60.0,57.3,16.67,3.88,0.16,0.30,0.01,0.81,1.82,0.15,2.18,1.74,0.34,3.196,2.321,0.081,0.006,37,17424,5606
60.0,57.3,16.66,6.02,0.08,0.30,0.01,0.69,1.46,0.13,2.14,1.82,0.28,3.090,2.434,0.119,0.007,44,20696,6960
60.0,57.3,16.67,5.90,0.14,0.33,0.01,0.69,1.54,0.14,2.11,1.78,0.30,2.794,2.494,0.113,0.009,42,26208,8042
60.0,57.3,16.66,3.91,0.12,0.26,0.01,0.55,1.17,0.15,2.50,2.17,0.27,0.606,1.395,0.094,0.003,46,73560,14953
60.0,57.3,16.66,3.50,0.07,0.23,0.01,0.45,0.98,0.12,2.55,2.48,0.26,0.642,1.394,0.059,0.005,51,51296,13162
60.0,57.3,16.67,3.44,0.08,0.23,0.01,0.55,1.17,0.14,2.29,2.06,0.26,0.606,2.737,0.037,0.005,32,25900,6968
60.0,57.2,16.67,3.79,0.16,0.30,0.01,0.77,1.79,0.16,2.15,1.71,0.33,0.743,2.889,0.024,0.002,36,18316,5176
60.0,57.2,16.67,3.72,0.18,0.26,0.02,0.79,1.85,0.16,1.88,1.39,0.32,0.645,2.712,0.006,0.001,30,11292,3639
60.0,57.2,16.67,3.59,0.09,0.32,0.02,0.78,1.85,0.21,2.19,1.92,0.34,0.632,2.756,0.019,0.007,46,14112,4534
60.0,57.2,16.67,3.61,0.10,0.36,0.01,0.92,1.90,0.22,2.30,1.74,0.34,0.649,2.784,0.050,0.004,35,24072,7511
60.0,57.2,16.67,5.63,0.14,0.24,0.01,0.60,1.30,0.15,2.27,2.01,0.28,2.887,2.191,0.202,0.006,39,58252,9656
60.0,57.2,16.67,5.11,0.08,0.29,0.01,0.65,1.39,0.14,2.12,1.88,0.28,0.682,2.781,0.039,0.002,34,20632,4559
60.0,57.2,16.67,3.89,0.15,0.32,0.02,0.94,2.01,0.18,1.99,1.34,0.36,0.774,2.907,0.065,0.004,33,14204,3241
60.0,57.2,16.67,3.87,0.12,0.31,0.01,0.81,1.85,0.16,1.95,1.62,0.34,0.794,2.984,0.092,0.003,53,27956,8406
60.0,57.3,16.66,3.67,0.07,0.23,0.01,0.56,1.26,0.12,2.33,2.19,0.26,0.811,2.998,0.073,0.005,60,47112,13810
60.0,57.3,16.67,3.31,0.06,0.18,0.01,0.47,1.08,0.10,2.35,2.51,0.26,0.849,2.990,0.050,0.004,52,42048,12166
60.0,57.6,16.67,3.88,0.11,0.22,0.01,0.60,1.24,0.13,2.33,2.20,0.26,0.740,2.963,0.066,0.005,59,54052,11728
60.0,57.6,16.67,3.71,0.12,0.24,0.01,0.57,1.26,0.12,2.12,2.18,0.25,0.813,2.934,0.099,0.004,47,57712,8091
60.0,57.6,16.67,5.24,0.08,0.25,0.01,0.75,1.67,0.14,1.72,1.67,0.27,1.462,2.569,0.161,0.008,33,8680,1110
60.0,57.5,16.66,5.03,0.25,0.39,0.02,1.25,2.33,0.18,1.41,0.90,0.41,2.119,1.797,0.054,0.005,25,5804,835
60.0,57.2,16.67,3.95,0.23,0.26,0.02,1.03,2.09,0.21,1.97,1.35,0.39,0.658,2.783,0.080,0.004,41,14644,4437
60.0,57.2,16.67,3.74,0.09,0.32,0.02,0.82,1.87,0.25,2.20,1.99,0.32,0.674,2.815,0.065,0.004,51,24276,7239
60.0,57.2,16.67,3.78,0.09,0.27,0.01,0.77,1.61,0.21,2.23,2.05,0.29,0.702,2.868,0.053,0.008,47,22352,6707
60.0,57.2,16.67,3.82,0.09,0.28,0.02,0.75,1.59,0.20,2.42,2.02,0.29,0.749,2.826,0.085,0.004,43,42948,9823
60.0,57.2,16.67,4.18,0.16,0.21,0.01,0.58,1.27,0.14,2.40,2.21,0.25,2.184,1.883,0.105,0.004,50,72500,14592
60.0,57.2,16.67,3.82,0.07,0.19,0.01,0.53,1.18,0.13,2.51,2.41,0.26,0.736,2.887,0.051,0.004,52,42612,11241
60.0,57.2,16.66,4.82,0.07,0.24,0.01,0.56,1.24,0.14,2.27,1.97,0.25,2.975,2.382,0.121,0.010,34,29384,7647
60.0,57.1,16.67,5.47,0.13,0.27,0.01,0.75,1.55,0.17,2.06,1.81,0.28,0.675,2.895,0.044,0.005,41,22564,6634
60.0,57.1,16.67,3.73,0.09,0.31,0.01,0.88,1.94,0.16,2.07,1.65,0.33,0.702,2.884,0.003,0.003,25,16360,5879
60.0,57.1,16.67,3.64,0.14,0.27,0.02,0.79,1.76,0.15,1.93,1.62,0.32,0.652,2.751,0.014,0.005,30,10848,3690
58.4,10.0,17.12,3.56,0.08,0.27,0.01,0.76,1.59,0.12,1.46,1.40,0.31,0.763,3.068,0.037,0.004,40,32512,7076
58.4,10.0,17.11,4.15,0.18,0.29,0.01,0.70,1.48,0.15,2.14,1.98,0.27,3.086,2.743,0.228,0.004,38,52244,9494
58.4,10.0,17.11,5.50,0.09,0.30,0.01,0.78,1.76,0.16,2.17,1.90,0.30,0.759,3.014,0.058,0.004,31,14460,3504
58.5,10.0,17.11,4.04,0.18,0.39,0.02,1.04,2.21,0.16,1.86,1.21,0.40,0.774,2.994,0.076,0.007,28,12724,3156
58.4,10.0,17.12,4.06,0.17,0.34,0.01,0.90,1.92,0.14,2.14,1.71,0.32,0.777,2.996,0.104,0.006,59,28288,8185
58.4,10.0,17.11,3.86,0.08,0.25,0.01,0.63,1.30,0.11,2.40,2.23,0.25,0.799,1.747,0.087,0.003,67,48920,14117
58.4,10.0,17.11,3.96,0.06,0.20,0.01,0.54,1.23,0.10,2.44,2.53,0.26,0.951,1.934,0.079,0.005,54,45588,13153
58.5,10.0,17.11,4.08,0.17,0.19,0.01,0.61,1.36,0.15,2.44,2.33,0.25,0.841,3.123,0.053,0.005,54,50928,12474
60.0,57.4,16.67,4.07,0.08,0.24,0.01,0.63,1.36,0.14,2.16,2.13,0.26,0.815,3.080,0.084,0.004,30,51280,7742
60.0,57.4,16.67,4.73,0.09,0.34,0.02,0.89,1.89,0.18,1.84,1.47,0.33,3.139,2.676,0.126,0.005,17,5180,542
60.0,56.9,16.67,5.33,0.14,0.53,0.02,1.50,2.80,0.29,1.16,0.66,0.53,0.807,3.083,0.036,0.005,11,2592,749
60.0,56.9,16.67,4.12,0.26,0.35,0.02,1.04,2.09,0.21,1.83,1.23,0.38,0.803,3.104,0.003,0.001,31,12044,4698
60.0,56.9,16.67,4.08,0.09,0.33,0.02,0.86,1.93,0.19,2.30,1.75,0.31,0.849,3.236,0.036,0.012,48,24328,7774
60.0,56.9,16.67,4.28,0.09,0.30,0.02,0.87,1.94,0.18,2.15,1.79,0.31,0.830,3.213,0.052,0.005,33,19260,6347
60.0,56.9,16.67,4.31,0.10,0.28,0.01,0.75,1.63,0.18,2.31,1.96,0.28,0.825,3.227,0.083,0.003,48,58836,10661
60.0,56.9,16.67,4.30,0.09,0.26,0.01,0.58,1.29,0.14,2.42,2.27,0.26,0.873,3.235,0.098,0.002,54,63924,14325
60.0,56.9,16.66,3.89,0.10,0.20,0.01,0.56,1.25,0.15,2.35,2.22,0.26,0.827,1.815,0.037,0.005,41,39012,10295
60.0,56.9,16.67,5.27,0.08,0.27,0.01,0.65,1.42,0.14,2.15,1.94,0.26,3.169,2.967,0.155,0.015,34,27148,7211
60.0,58.0,16.67,4.92,0.14,0.24,0.02,0.73,1.63,0.17,2.17,1.90,0.26,2.313,2.053,0.022,0.003,42,21456,6097
60.0,58.0,16.67,4.58,0.11,0.31,0.02,0.89,2.06,0.16,2.00,1.72,0.33,2.222,2.119,0.024,0.003,37,16320,5364
60.0,58.1,16.66,4.37,0.26,0.33,0.02,0.98,2.09,0.17,1.91,1.45,0.34,0.846,3.166,0.013,0.004,31,14668,4397
60.0,58.1,16.67,4.27,0.18,0.28,0.02,0.80,1.82,0.20,2.37,2.03,0.29,0.849,3.170,0.042,0.003,43,53900,9028
60.0,58.1,16.67,4.12,0.08,0.26,0.01,0.70,1.50,0.16,2.15,2.01,0.26,2.206,1.938,0.061,0.004,39,44336,8269
60.0,57.9,16.66,4.29,0.12,0.34,0.02,0.95,2.01,0.19,2.04,1.41,0.35,2.127,1.912,0.063,0.006,18,10296,2053
60.0,57.8,16.67,4.40,0.26,0.35,0.02,1.18,2.30,0.20,2.02,1.29,0.41,0.835,1.993,0.068,0.004,42,18428,4877
60.0,57.8,16.67,5.66,0.09,0.29,0.02,0.85,1.88,0.19,2.15,1.97,0.28,0.840,3.171,0.101,0.004,63,31352,9380
60.0,57.8,16.67,4.11,0.07,0.23,0.01,0.57,1.25,0.14,2.33,2.32,0.25,0.886,2.010,0.103,0.003,72,47284,13100
60.0,57.8,16.67,4.38,0.07,0.23,0.01,0.53,1.16,0.13,2.19,2.62,0.27,2.190,1.971,0.067,0.006,57,48104,13853
60.0,57.8,16.67,4.00,0.15,0.17,0.01,0.48,1.08,0.12,2.33,2.50,0.27,0.787,3.025,0.076,0.014,41,69832,12184
60.0,57.8,16.66,4.00,0.08,0.24,0.01,0.57,1.25,0.14,1.88,1.84,0.29,0.826,2.995,0.055,0.005,24,25832,4210
60.0,57.8,16.67,4.27,0.09,0.33,0.02,0.94,1.96,0.18,1.41,0.73,0.35,2.193,1.969,0.056,0.008,13,3616,182
60.0,57.8,16.66,4.42,0.18,0.40,0.02,1.10,2.20,0.21,1.42,0.72,0.38,2.219,1.960,0.040,0.002,21,8692,3484
60.0,58.0,16.67,4.76,0.20,0.27,0.01,0.89,1.98,0.16,1.68,1.29,0.33,3.343,2.822,0.000,0.006,29,12600,5484
60.0,58.0,16.67,5.34,0.08,0.27,0.01,0.68,1.65,0.13,1.84,1.57,0.30,0.823,3.128,0.034,0.003,40,16796,5886
60.0,58.0,16.67,4.24,0.12,0.25,0.01,0.65,1.50,0.13,1.88,1.45,0.34,0.896,1.958,0.049,0.009,52,37820,9932
60.0,58.0,16.67,4.01,0.08,0.24,0.01,0.54,1.18,0.12,2.09,1.93,0.37,0.870,1.823,0.082,0.005,45,61652,11016
60.0,58.0,16.67,4.40,0.07,0.24,0.01,0.56,1.21,0.11,2.22,2.15,0.34,2.319,2.080,0.079,0.005,51,39400,10438
60.0,58.0,16.67,4.20,0.13,0.23,0.01,0.64,1.39,0.15,2.25,2.04,0.30,0.837,3.201,0.080,0.007,53,40592,11144
60.0,58.3,16.67,4.32,0.11,0.23,0.01,0.56,1.27,0.14,2.00,2.07,0.29,0.828,3.227,0.114,0.003,61,35844,8864
60.0,58.3,16.67,4.21,0.07,0.25,0.01,0.57,1.31,0.12,1.64,1.72,0.32,0.831,3.144,0.079,0.004,53,24764,6319
60.0,58.3,16.67,5.45,0.08,0.28,0.01,0.68,1.62,0.13,1.65,1.45,0.28,3.006,2.811,0.153,0.014,32,14672,3814
60.0,58.3,16.67,4.55,0.13,0.24,0.01,0.67,1.52,0.16,1.89,1.57,0.29,0.730,3.013,0.075,0.002,49,40996,7977
60.0,58.5,16.67,4.19,0.08,0.26,0.01,0.65,1.47,0.15,2.13,2.04,0.26,0.844,3.202,0.123,0.004,44,54328,8764
60.0,58.3,16.67,4.19,0.08,0.29,0.01,0.66,1.56,0.13,1.81,1.61,0.30,0.828,3.172,0.094,0.007,30,14336,2992
60.0,58.3,16.66,4.23,0.09,0.32,0.02,0.97,1.94,0.17,1.59,0.97,0.32,0.837,3.124,0.068,0.003,24,11756,3584
60.0,58.3,16.66,4.20,0.21,0.26,0.01,0.81,1.87,0.15,1.94,1.56,0.36,2.054,1.879,0.077,0.004,49,22004,6301
60.0,58.3,16.66,4.12,0.08,0.29,0.01,0.56,1.34,0.11,1.96,1.89,0.29,0.885,3.108,0.105,0.010,73,42820,12968
60.0,58.3,16.67,3.85,0.06,0.21,0.01,0.50,1.13,0.11,2.14,2.33,0.29,0.871,1.824,0.097,0.012,62,43756,12267
60.0,58.3,16.66,5.57,0.10,0.23,0.01,0.55,1.19,0.11,2.43,2.73,0.28,1.723,2.380,0.133,0.006,50,72040,15007
60.0,58.3,16.67,4.04,0.10,0.21,0.01,0.52,1.17,0.11,2.07,2.34,0.29,0.776,3.042,0.092,0.015,39,53216,10053
60.0,58.3,16.67,4.02,0.08,0.29,0.01,0.82,1.78,0.16,1.58,1.08,0.35,0.773,2.934,0.061,0.008,12,5412,234
60.0,57.9,16.67,4.00,0.20,0.37,0.02,1.13,2.15,0.20,1.32,0.69,0.39,0.803,2.932,0.063,0.013,24,6820,1502
60.0,57.9,16.66,4.05,0.09,0.31,0.01,0.89,1.99,0.18,1.72,1.30,0.38,0.856,2.966,0.036,0.002,31,11896,4395
60.0,57.9,16.67,4.07,0.13,0.28,0.01,0.67,1.63,0.15,1.86,1.56,0.33,0.694,2.818,0.003,0.003,34,18136,7048
60.0,57.9,16.67,3.84,0.09,0.29,0.01,0.79,1.95,0.22,1.99,1.64,0.32,0.761,2.998,0.040,0.005,34,17244,5830
60.0,57.9,16.67,3.84,0.08,0.28,0.01,0.60,1.40,0.15,2.07,1.97,0.30,0.766,4.649,0.162,0.004,39,61180,10954
60.0,57.9,16.67,5.58,0.07,0.25,0.01,0.51,1.18,0.12,1.87,1.72,0.27,0.784,3.022,0.052,0.004,41,37588,8866
60.0,57.9,16.67,3.94,0.11,0.25,0.01,0.55,1.30,0.12,1.95,1.69,0.33,0.820,3.049,0.055,0.006,34,32224,8267
60.0,57.9,16.67,3.63,0.11,0.24,0.01,0.56,1.24,0.13,2.22,2.20,0.27,0.750,1.674,0.088,0.003,62,50056,13892
60.0,58.0,16.67,3.72,0.07,0.24,0.01,0.51,1.14,0.12,1.99,2.28,0.26,0.749,2.991,0.112,0.003,55,33440,8771
60.0,58.0,16.66,4.01,0.07,0.25,0.01,0.62,1.42,0.12,1.70,1.78,0.32,0.824,3.144,0.089,0.013,42,16044,4186
60.0,58.0,16.67,4.22,0.19,0.31,0.01,0.77,1.82,0.14,1.73,1.49,0.32,2.062,1.944,0.079,0.007,48,29300,7065
60.0,58.4,16.67,4.05,0.12,0.22,0.01,0.58,1.23,0.13,1.77,1.75,0.34,0.795,3.131,0.093,0.009,49,56344,8660
60.0,58.4,16.66,5.01,0.07,0.24,0.01,0.62,1.46,0.12,1.72,1.67,0.26,3.219,3.025,0.210,0.011,34,14520,2779
60.0,58.4,16.66,4.55,0.15,0.30,0.01,0.89,1.95,0.14,1.54,1.03,0.35,0.826,3.028,0.082,0.006,37,11440,2141
60.0,57.9,16.67,4.17,0.09,0.30,0.01,0.84,1.87,0.15,1.91,1.47,0.33,0.859,3.057,0.065,0.007,44,21396,6641
60.0,57.9,16.67,4.08,0.12,0.24,0.01,0.63,1.46,0.16,1.86,1.70,0.30,0.790,3.054,0.084,0.017,65,30460,9406
60.0,57.9,16.67,3.78,0.07,0.26,0.01,0.51,1.17,0.14,1.99,2.17,0.28,0.802,3.075,0.118,0.004,58,43600,11730
60.0,57.9,16.67,3.48,0.11,0.18,0.01,0.52,1.13,0.14,2.39,2.87,0.27,0.837,1.710,0.140,0.014,71,82664,18378
60.0,57.9,16.67,3.83,0.06,0.22,0.01,0.47,1.07,0.12,2.11,2.80,0.27,0.814,2.982,0.124,0.017,44,62236,12096
60.0,57.9,16.67,3.60,0.11,0.22,0.01,0.53,1.23,0.12,1.83,1.71,0.29,0.718,2.847,0.047,0.008,27,12784,1829
60.0,57.9,16.67,5.36,0.17,0.34,0.04,0.93,1.88,0.19,1.34,0.92,0.36,2.864,2.233,0.202,0.012,29,9700,1203
60.0,58.4,16.66,5.66,0.08,0.29,0.01,0.73,1.72,0.16,1.36,1.21,0.29,0.769,2.948,0.094,0.004,38,13920,4096
60.0,58.4,16.66,3.74,0.07,0.24,0.01,0.68,1.64,0.14,1.65,1.55,0.31,0.796,2.947,0.081,0.002,42,18416,6381
60.0,58.4,16.67,3.92,0.13,0.26,0.01,0.68,1.65,0.13,1.66,1.54,0.32,0.713,2.849,0.074,0.006,37,18688,5679
60.0,58.4,16.67,3.86,0.13,0.24,0.01,0.64,1.45,0.13,2.06,2.13,0.27,0.728,2.823,0.154,0.003,56,63044,11145
60.0,58.4,16.66,3.84,0.07,0.23,0.01,0.59,1.34,0.13,2.03,2.28,0.25,0.765,2.839,0.120,0.002,51,40044,8153
60.0,58.4,16.67,3.73,0.08,0.27,0.02,0.62,1.45,0.12,1.89,1.66,0.35,0.821,1.757,0.073,0.004,37,27232,7405
60.0,58.4,16.67,3.88,0.17,0.22,0.01,0.62,1.38,0.13,1.97,1.95,0.29,0.741,2.968,0.061,0.004,58,44232,12824
60.0,58.4,16.67,4.10,0.06,0.22,0.01,0.52,1.15,0.12,2.20,2.48,0.25,3.148,2.680,0.187,0.042,66,40724,10551
60.0,58.4,16.67,4.74,0.06,0.21,0.02,0.50,1.13,0.10,1.81,1.93,0.27,0.783,3.028,0.093,0.012,51,25204,6362
60.0,58.4,16.67,3.80,0.13,0.27,0.01,0.67,1.63,0.13,1.51,1.46,0.28,0.768,2.979,0.067,0.003,43,20740,5021
60.0,58.4,16.67,4.04,0.13,0.29,0.01,0.65,1.59,0.14,2.06,1.88,0.30,0.810,3.023,0.066,0.004,39,55888,8251
60.0,58.4,16.67,3.87,0.08,0.26,0.01,0.60,1.41,0.13,1.86,1.89,0.29,0.845,3.129,0.057,0.003,39,26044,4907
60.0,58.4,16.67,4.21,0.10,0.31,0.01,0.97,2.07,0.16,1.75,1.25,0.35,0.840,3.094,0.098,0.007,28,11548,2141
60.0,58.4,16.67,4.17,0.11,0.31,0.01,0.82,1.85,0.15,1.68,1.22,0.31,0.864,1.909,0.086,0.003,43,18640,5174
60.0,58.4,16.67,4.18,0.16,0.29,0.01,0.70,1.76,0.14,1.94,1.68,0.31,2.218,1.896,0.080,0.001,49,24004,7752
60.0,58.4,16.67,4.99,0.07,0.24,0.01,0.58,1.31,0.13,1.93,1.72,0.28,3.300,2.698,0.186,0.042,59,31032,9627
60.0,58.1,16.67,4.47,0.11,0.19,0.01,0.53,1.15,0.13,2.11,2.37,0.27,0.835,2.985,0.119,0.005,65,62648,14947
60.0,58.1,16.67,3.80,0.06,0.22,0.01,0.51,1.16,0.12,2.46,3.26,0.27,2.180,2.042,0.187,0.008,58,79924,16096
60.0,58.1,16.67,4.27,0.07,0.23,0.01,0.61,1.40,0.12,2.09,2.14,0.31,2.247,1.969,0.065,0.007,32,25628,5504
60.0,58.1,16.67,4.18,0.21,0.31,0.02,1.00,1.95,0.17,1.43,0.94,0.32,0.808,3.041,0.078,0.005,35,10160,981
60.0,58.1,16.67,4.11,0.09,0.31,0.02,0.92,1.97,0.16,1.51,1.30,0.32,0.818,3.072,0.114,0.002,42,16680,3662
60.0,58.1,16.67,4.07,0.08,0.29,0.01,0.66,1.70,0.14,1.60,1.54,0.28,0.833,3.078,0.097,0.002,52,20508,6493
60.0,58.1,16.67,4.09,0.08,0.30,0.01,0.71,1.75,0.15,1.77,1.55,0.32,0.845,3.091,0.075,0.007,34,16056,5164
60.0,58.1,16.66,5.63,0.18,0.24,0.01,0.64,1.47,0.14,1.90,1.61,0.26,3.009,2.890,0.267,0.007,49,44464,9307
60.0,58.3,16.67,4.31,0.07,0.24,0.01,0.65,1.44,0.15,2.07,2.13,0.27,0.821,3.090,0.134,0.012,52,57940,10605
60.0,58.3,16.67,4.08,0.08,0.24,0.01,0.69,1.53,0.15,1.92,1.77,0.28,0.777,3.062,0.095,0.013,36,18964,4450
60.0,58.3,16.67,4.16,0.13,0.28,0.01,0.74,1.63,0.16,1.90,1.68,0.30,0.790,3.076,0.082,0.004,47,36068,9264
60.0,58.3,16.67,4.03,0.12,0.26,0.01,0.61,1.38,0.13,2.30,2.47,0.26,0.758,3.063,0.067,0.003,63,48316,13992
60.0,58.3,16.67,3.78,0.06,0.22,0.01,0.49,1.13,0.11,2.01,2.31,0.27,0.798,2.983,0.050,0.004,52,34468,9827
60.0,58.3,16.66,4.08,0.12,0.25,0.01,0.65,1.49,0.14,1.59,1.56,0.28,2.190,2.007,0.065,0.006,35,17236,4546
60.0,58.3,16.67,4.24,0.09,0.28,0.01,0.74,1.69,0.14,2.06,1.76,0.32,3.399,3.151,0.071,0.007,30,52484,8028
60.0,58.3,16.66,5.79,0.12,0.26,0.01,0.71,1.60,0.13,1.77,1.62,0.26,0.778,3.078,0.005,0.001,22,27160,5059
60.0,58.3,16.66,3.91,0.09,0.34,0.01,0.93,1.89,0.14,1.50,0.94,0.34,0.777,3.017,0.044,0.009,19,7352,1622
60.0,57.7,16.67,4.01,0.18,0.31,0.01,0.98,2.04,0.15,1.62,1.13,0.36,0.788,3.018,0.070,0.004,34,17192,4849
60.0,57.7,16.67,4.11,0.10,0.30,0.01,0.82,2.00,0.14,2.11,1.70,0.33,2.105,1.825,0.070,0.005,45,22492,7458
60.0,57.7,16.67,4.28,0.12,0.23,0.01,0.70,1.65,0.14,2.04,1.83,0.30,0.758,2.964,0.080,0.004,47,22116,6923
60.0,57.7,16.67,3.86,0.09,0.25,0.01,0.64,1.56,0.16,2.39,2.18,0.27,0.812,2.996,0.090,0.016,66,53020,14402
60.0,57.7,16.66,3.58,0.06,0.22,0.01,0.55,1.25,0.13,2.56,3.04,0.28,0.769,3.068,0.176,0.009,66,87620,18097
60.0,57.7,16.67,4.63,0.06,0.20,0.01,0.53,1.22,0.13,2.19,2.62,0.26,3.310,2.841,0.156,0.009,41,30072,7018
60.0,57.7,16.67,5.42,0.23,0.28,0.01,0.80,1.84,0.16,1.60,1.25,0.31,0.833,1.810,0.067,0.003,30,10584,1231
60.0,58.0,16.67,3.68,0.09,0.33,0.01,0.90,2.00,0.21,1.57,1.26,0.39,0.645,2.738,0.089,0.016,44,16008,3648
60.0,58.0,16.67,3.64,0.09,0.30,0.02,0.73,1.80,0.19,1.78,1.70,0.30,0.753,2.959,0.106,0.008,46,21956,5974
60.0,58.0,16.67,3.87,0.08,0.27,0.01,0.65,1.56,0.18,1.65,1.62,0.29,0.743,2.963,0.090,0.008,40,15360,4952
60.0,58.0,16.66,3.92,0.15,0.28,0.01,0.77,1.78,0.18,2.06,1.88,0.28,0.723,2.901,0.079,0.004,42,45120,9372
60.0,58.0,16.67,3.87,0.12,0.25,0.01,0.64,1.51,0.12,2.12,2.08,0.29,0.797,2.976,0.083,0.004,48,56164,10380
60.0,58.0,16.67,3.90,0.08,0.28,0.01,0.68,1.49,0.11,1.79,1.73,0.30,0.806,2.932,0.088,0.012,36,15684,3165
60.0,58.0,16.67,5.54,0.15,0.30,0.01,0.78,1.74,0.12,1.75,1.44,0.29,3.530,2.713,0.219,0.008,51,29692,8028
60.0,58.0,16.66,4.57,0.07,0.27,0.01,0.56,1.31,0.11,2.14,2.20,0.28,2.231,1.978,0.074,0.004,64,47400,14266
60.0,58.1,16.67,3.89,0.10,0.21,0.01,0.52,1.13,0.13,2.19,2.59,0.26,0.790,3.044,0.068,0.003,55,38784,11603
60.0,58.1,16.67,4.04,0.13,0.25,0.01,0.60,1.34,0.13,1.82,1.89,0.32,0.785,3.033,0.071,0.005,41,22300,5595
60.0,58.4,16.67,4.01,0.08,0.26,0.01,0.72,1.64,0.16,1.99,1.88,0.29,0.768,2.984,0.051,0.004,36,52268,8197
60.0,58.4,16.66,4.04,0.08,0.29,0.02,0.72,1.66,0.15,1.90,1.77,0.29,0.799,3.004,0.020,0.002,20,27580,5370
60.0,58.0,16.66,3.70,0.15,0.29,0.01,0.87,1.84,0.18,1.53,0.91,0.40,0.670,2.811,0.019,0.005,13,5844,1086
60.0,58.0,16.67,3.84,0.19,0.36,0.02,1.12,2.19,0.23,1.51,1.19,0.41,0.741,2.940,0.072,0.003,33,16156,4523
60.0,58.0,16.67,6.01,0.08,0.27,0.01,0.74,1.68,0.18,1.79,1.46,0.28,0.780,3.018,0.066,0.003,42,19104,5799
60.0,58.0,16.67,4.07,0.09,0.29,0.01,0.76,1.85,0.18,2.22,1.94,0.30,0.802,3.030,0.073,0.003,43,22172,6999
60.0,58.0,16.67,3.92,0.16,0.25,0.01,0.60,1.30,0.13,1.88,1.85,0.26,0.745,2.963,0.057,0.004,64,49368,13780
60.0,58.0,16.67,3.36,0.06,0.20,0.01,0.47,1.05,0.11,2.38,2.98,0.27,0.790,1.638,0.202,0.003,70,89660,18080
60.0,58.0,16.67,3.70,0.06,0.19,0.01,0.47,1.05,0.11,2.29,2.99,0.28,0.779,1.673,0.073,0.004,52,38296,9315
60.0,58.0,16.67,4.12,0.13,0.27,0.01,0.68,1.61,0.13,1.55,1.43,0.30,2.122,1.932,0.070,0.010,28,13608,2329
60.0,57.8,16.67,4.14,0.18,0.28,0.01,0.78,1.66,0.14,1.32,1.02,0.31,0.756,2.970,0.079,0.004,35,14792,3506
60.0,57.8,16.67,4.78,0.08,0.27,0.01,0.77,1.79,0.15,1.55,1.55,0.32,3.234,2.625,0.200,0.038,43,20536,5638
60.0,57.8,16.67,5.18,0.09,0.26,0.02,0.69,1.65,0.14,1.66,1.67,0.30,0.823,2.986,0.092,0.008,43,16500,4658
60.0,57.8,16.66,4.20,0.09,0.29,0.01,0.69,1.62,0.15,1.89,1.76,0.33,2.184,1.837,0.082,0.010,44,49432,9588
60.0,57.8,16.66,3.98,0.11,0.22,0.01,0.57,1.26,0.14,1.88,1.91,0.32,0.640,2.827,0.073,0.008,40,51132,9140
60.0,57.8,16.67,3.85,0.08,0.25,0.01,0.73,1.57,0.18,1.91,1.79,0.32,0.730,2.969,0.084,0.011,34,14500,3395
60.0,57.8,16.66,3.92,0.10,0.30,0.01,0.87,1.82,0.21,1.75,1.40,0.37,0.727,2.899,0.111,0.004,45,24264,6857
60.0,57.8,16.67,3.96,0.07,0.24,0.01,0.63,1.39,0.17,2.29,2.19,0.26,0.742,2.932,0.079,0.005,56,40596,11615
60.0,57.8,16.66,3.77,0.09,0.19,0.01,0.49,1.07,0.12,2.37,2.70,0.27,0.728,1.575,0.062,0.005,61,44220,13425
60.0,57.8,16.67,5.21,0.11,0.22,0.01,0.50,1.08,0.11,1.94,1.93,0.24,2.969,2.538,0.141,0.009,44,30448,8160
60.0,57.8,16.67,4.29,0.08,0.27,0.01,0.61,1.46,0.13,2.09,1.92,0.28,0.838,3.235,0.085,0.004,34,52748,8137
60.0,58.3,16.67,4.28,0.09,0.29,0.01,0.74,1.71,0.14,2.03,1.77,0.30,0.827,3.223,0.033,0.006,21,26664,5126
60.0,58.3,16.67,4.24,0.18,0.32,0.02,1.02,2.22,0.15,1.72,0.80,0.41,0.850,3.202,0.001,0.002,6,1392,605
60.0,58.2,16.67,4.06,0.18,0.38,0.02,1.21,2.44,0.17,1.50,1.00,0.45,0.767,3.067,0.042,0.004,33,12848,3658
60.0,57.7,16.67,4.12,0.10,0.31,0.02,0.82,2.00,0.16,1.98,1.64,0.36,0.769,3.063,0.063,0.005,41,18548,5939
60.0,57.7,16.67,4.05,0.08,0.28,0.01,0.70,1.62,0.14,2.08,1.74,0.29,0.806,3.111,0.069,0.004,43,22508,7415
60.0,57.7,16.67,4.16,0.17,0.30,0.01,0.78,1.89,0.16,2.33,1.88,0.31,2.243,2.046,0.065,0.006,50,32768,9897
60.0,57.7,16.67,5.61,0.12,0.23,0.01,0.53,1.17,0.12,2.42,2.41,0.26,2.634,2.013,0.133,0.014,65,84524,16287
60.0,57.7,16.66,3.91,0.06,0.19,0.01,0.49,1.11,0.11,2.41,2.83,0.27,0.845,3.232,0.078,0.013,63,54852,13287
60.0,57.7,16.67,4.18,0.12,0.25,0.01,0.65,1.49,0.14,1.96,1.81,0.27,2.143,1.973,0.080,0.004,42,22820,4997
60.0,57.7,16.67,4.30,0.09,0.30,0.02,0.82,1.93,0.15,1.82,1.54,0.32,2.101,1.969,0.078,0.007,32,14964,3578
60.0,58.2,16.66,4.03,0.16,0.34,0.02,0.84,2.01,0.21,2.03,1.63,0.36,0.706,2.894,0.090,0.004,44,20520,5638
60.0,58.2,16.67,3.95,0.12,0.29,0.01,0.72,1.76,0.21,1.86,1.72,0.30,0.807,3.095,0.104,0.009,46,17624,4365
60.0,58.3,16.67,4.18,0.09,0.29,0.01,0.78,1.91,0.20,2.16,1.92,0.29,0.791,3.137,0.105,0.009,51,43836,9102
60.0,58.3,16.67,4.48,0.08,0.24,0.01,0.65,1.51,0.17,2.20,1.97,0.26,3.177,2.672,0.209,0.013,33,50128,9082
60.0,58.3,16.66,6.10,0.15,0.29,0.01,0.67,1.58,0.11,1.97,1.51,0.28,2.905,2.537,0.171,0.015,36,14636,3519
60.0,58.2,16.67,4.94,0.17,0.31,0.01,0.81,1.97,0.13,1.72,1.27,0.32,0.718,2.860,0.108,0.001,44,17932,3814
60.0,58.2,16.67,3.81,0.08,0.26,0.01,0.66,1.62,0.12,2.46,1.99,0.26,0.737,2.883,0.115,0.004,64,38676,11258
60.0,58.2,16.67,3.55,0.06,0.21,0.01,0.52,1.16,0.10,2.22,2.47,0.27,0.822,1.780,0.091,0.003,67,53348,16179
60.0,58.2,16.67,3.83,0.18,0.21,0.01,0.58,1.38,0.14,2.34,2.37,0.25,0.788,2.915,0.059,0.004,42,33640,9697
60.0,58.2,16.66,3.77,0.07,0.25,0.01,0.62,1.54,0.15,2.31,2.08,0.25,0.751,2.996,0.067,0.004,37,56060,9297
60.0,58.2,16.67,3.81,0.08,0.24,0.01,0.70,1.55,0.15,1.94,1.83,0.27,0.762,2.988,0.062,0.004,26,38600,6899
60.0,57.9,16.67,3.93,0.10,0.31,0.02,1.06,2.37,0.18,1.80,1.17,0.38,0.804,2.940,0.033,0.005,4,184,133
60.0,57.9,16.67,4.90,0.27,0.39,0.02,1.16,2.36,0.18,1.15,0.51,0.46,3.005,2.288,0.004,0.006,14,5064,2247
60.0,57.9,16.67,4.36,0.09,0.31,0.01,0.80,1.95,0.17,1.78,1.30,0.33,0.821,3.149,0.033,0.015,34,14896,5292
60.0,57.9,16.67,4.13,0.10,0.29,0.01,0.75,1.86,0.16,2.18,1.68,0.34,0.808,3.139,0.059,0.008,41,20344,6569
60.0,57.9,16.67,4.25,0.10,0.32,0.01,0.77,1.93,0.17,2.15,1.75,0.33,0.829,3.212,0.068,0.005,45,25432,7841
60.0,57.9,16.67,4.19,0.11,0.24,0.01,0.60,1.43,0.13,2.46,2.16,0.25,0.811,1.774,0.138,0.009,54,73804,15087
60.0,57.9,16.67,3.92,0.07,0.22,0.01,0.55,1.20,0.12,2.51,2.55,0.25,0.850,1.802,0.081,0.007,50,54916,14210
60.0,57.9,16.67,3.76,0.12,0.27,0.01,0.55,1.22,0.12,2.07,1.98,0.26,0.828,3.060,0.046,0.009,42,29020,7130
60.0,57.9,16.67,4.20,0.09,0.28,0.01,0.76,1.81,0.14,1.97,1.66,0.29,2.279,2.025,0.036,0.004,34,19100,5368
60.0,58.1,16.67,6.23,0.14,0.26,0.01,0.81,1.95,0.13,1.70,1.30,0.30,0.868,3.208,0.003,0.001,25,15944,5459
60.0,58.1,16.66,3.95,0.12,0.33,0.02,0.91,2.24,0.17,2.12,1.60,0.37,0.781,3.034,0.042,0.004,34,12492,3938
60.0,58.1,16.67,4.07,0.09,0.30,0.01,0.81,2.04,0.17,2.30,1.63,0.31,0.783,3.050,0.065,0.005,40,40864,8792
60.0,58.1,16.67,4.14,0.08,0.27,0.01,0.68,1.59,0.14,2.21,1.94,0.26,0.806,3.088,0.067,0.003,33,53616,9277
60.0,58.1,16.67,4.09,0.16,0.28,0.01,0.79,1.92,0.14,2.10,1.56,0.31,0.859,1.872,0.073,0.007,24,10324,2440
60.0,57.8,16.67,4.01,0.17,0.27,0.02,1.01,2.25,0.19,1.83,1.23,0.35,0.786,3.065,0.090,0.004,40,14188,3176
60.0,57.8,16.67,4.11,0.10,0.30,0.01,0.92,2.11,0.19,2.30,1.89,0.30,0.796,3.033,0.106,0.005,64,34740,10279
60.0,57.8,16.67,4.38,0.07,0.26,0.01,0.64,1.51,0.16,2.56,2.35,0.25,3.155,2.929,0.211,0.006,70,50240,14619
60.0,57.8,16.66,5.04,0.10,0.21,0.01,0.51,1.14,0.13,2.25,2.42,0.25,1.004,2.442,0.147,0.013,50,37284,10809
60.0,57.8,16.67,4.64,0.13,0.25,0.01,0.54,1.27,0.12,2.34,2.18,0.25,0.719,2.906,0.111,0.014,53,64272,10868
60.0,57.6,16.66,3.82,0.07,0.23,0.01,0.61,1.46,0.14,1.93,1.94,0.27,0.749,2.989,0.109,0.008,38,39932,6460
60.0,57.6,16.67,4.21,0.18,0.33,0.02,1.10,2.36,0.17,1.48,1.30,0.37,2.113,1.877,0.098,0.004,25,6720,350
60.0,57.6,16.67,4.25,0.10,0.35,0.02,1.35,2.66,0.19,1.54,1.03,0.43,2.090,1.916,0.074,0.004,29,11496,3245
60.0,57.5,16.66,4.07,0.17,0.33,0.02,0.93,2.26,0.17,2.11,1.65,0.36,0.786,2.933,0.085,0.005,44,18180,5622
60.0,57.5,16.67,4.03,0.16,0.31,0.01,0.81,1.85,0.16,2.01,1.98,0.30,0.801,3.028,0.082,0.013,59,24472,6211
60.0,57.5,16.66,4.05,0.09,0.27,0.02,0.76,1.90,0.17,2.12,1.93,0.28,0.815,3.387,0.108,0.003,55,32276,9068
60.0,57.5,16.67,5.89,0.07,0.24,0.01,0.64,1.46,0.14,2.41,2.27,0.27,3.496,2.755,0.188,0.006,55,72248,14284
60.0,57.5,16.67,3.76,0.10,0.20,0.01,0.55,1.24,0.12,2.42,2.33,0.25,0.775,1.736,0.060,0.006,50,42680,11010
60.0,57.5,16.67,3.84,0.11,0.22,0.01,0.65,1.42,0.15,2.24,2.16,0.25,0.743,3.021,0.061,0.002,44,35380,8567
60.0,57.5,16.67,3.72,0.09,0.28,0.01,0.76,1.79,0.16,2.07,1.85,0.28,0.801,2.992,0.043,0.003,43,25960,7449
60.0,58.2,16.67,3.89,0.10,0.30,0.01,0.82,1.97,0.17,2.00,1.53,0.31,0.793,2.942,0.028,0.004,25,16340,5503
60.0,58.2,16.67,3.78,0.21,0.29,0.01,0.81,2.05,0.17,2.03,1.60,0.34,0.674,2.809,0.019,0.004,33,14024,3803
60.0,58.3,16.67,3.73,0.09,0.30,0.01,0.80,2.01,0.19,2.30,1.74,0.31,0.681,2.818,0.062,0.004,46,37536,8272
60.0,58.4,16.67,4.06,0.08,0.29,0.01,0.67,1.59,0.15,2.15,1.90,0.26,0.783,3.041,0.066,0.005,33,54788,9193
60.0,58.4,16.66,5.68,0.16,0.29,0.01,0.76,1.70,0.16,1.94,1.50,0.28,0.786,3.110,0.065,0.005,29,12488,2483
60.0,58.0,16.67,4.04,0.16,0.31,0.02,0.97,2.23,0.16,1.57,1.17,0.33,0.767,3.032,0.071,0.007,37,15252,3573
60.0,57.7,16.67,3.97,0.10,0.30,0.01,0.83,2.12,0.14,2.14,1.77,0.33,0.748,3.004,0.102,0.009,51,27060,7811
60.0,57.7,16.67,3.92,0.08,0.28,0.01,0.59,1.40,0.12,2.36,2.20,0.25,0.780,3.032,0.100,0.009,66,46880,13502
60.0,57.7,16.67,3.73,0.12,0.24,0.01,0.52,1.20,0.12,2.43,2.41,0.25,0.893,1.889,0.075,0.009,56,47060,13515
60.0,57.7,16.67,4.27,0.10,0.22,0.01,0.57,1.32,0.12,2.48,2.39,0.26,0.828,3.138,0.111,0.013,41,69520,12217
60.0,57.7,16.67,3.98,0.08,0.26,0.01,0.69,1.51,0.14,2.13,1.94,0.26,0.867,3.116,0.060,0.005,26,32996,5474
60.0,57.3,16.67,4.91,0.17,0.33,0.02,1.04,2.15,0.17,1.29,0.90,0.36,3.425,2.632,0.128,0.006,21,4436,309
60.0,57.3,16.67,5.18,0.12,0.42,0.02,1.15,2.47,0.17,1.53,0.89,0.41,2.131,1.855,0.034,0.002,22,9812,3611
60.0,57.3,16.67,4.05,0.16,0.31,0.01,0.83,2.06,0.16,2.02,1.29,0.33,0.684,2.914,0.004,0.002,26,15148,6294
60.0,57.3,16.66,3.89,0.10,0.29,0.01,0.75,2.01,0.20,2.24,1.74,0.31,0.782,3.090,0.047,0.004,40,17576,5757
60.0,57.3,16.67,4.08,0.10,0.31,0.01,0.84,2.08,0.19,2.46,1.77,0.32,0.778,3.078,0.056,0.006,46,36572,9888
60.0,57.3,16.67,4.06,0.09,0.26,0.01,0.64,1.44,0.16,2.30,1.92,0.26,0.822,3.101,0.081,0.006,40,61376,11440
60.0,57.3,16.67,3.88,0.14,0.23,0.02,0.61,1.33,0.13,2.39,2.15,0.25,0.768,3.006,0.070,0.005,44,36952,9676
60.0,57.3,16.67,3.98,0.13,0.28,0.01,0.61,1.47,0.13,2.32,2.00,0.24,0.759,3.011,0.091,0.005,60,44788,11076
60.0,57.7,16.67,5.08,0.07,0.24,0.01,0.55,1.24,0.13,2.00,2.04,0.24,3.334,2.692,0.212,0.009,59,32256,8548
60.0,58.1,16.67,4.20,0.09,0.29,0.01,0.74,1.67,0.14,1.99,1.87,0.28,2.198,2.111,0.100,0.003,44,21944,6216
60.0,58.1,16.67,4.59,0.21,0.31,0.01,0.92,2.07,0.14,1.73,1.55,0.31,2.276,2.083,0.072,0.004,30,13268,3405
60.0,58.1,16.67,4.43,0.09,0.29,0.01,0.75,1.80,0.12,2.14,1.74,0.29,0.882,2.045,0.118,0.003,42,55864,8534
60.0,58.1,16.67,4.48,0.08,0.24,0.01,0.74,1.59,0.12,2.07,1.99,0.27,2.194,2.032,0.104,0.003,41,45112,7977
60.0,58.0,16.67,4.37,0.16,0.29,0.01,0.98,2.16,0.15,1.82,1.48,0.34,2.150,1.990,0.084,0.009,31,9884,2017
60.0,58.0,16.66,4.46,0.14,0.31,0.01,1.03,2.17,0.14,1.64,1.15,0.35,2.235,2.001,0.075,0.007,35,17548,5262
60.0,58.0,16.67,4.59,0.09,0.30,0.01,0.79,1.95,0.16,2.00,1.62,0.31,3.453,3.064,0.191,0.042,47,20748,6060
60.0,58.0,16.66,5.71,0.08,0.27,0.01,0.66,1.44,0.15,2.40,2.08,0.25,0.887,3.170,0.106,0.008,68,41188,11905
60.0,58.0,16.67,4.16,0.08,0.26,0.01,0.57,1.28,0.13,2.40,2.32,0.26,0.874,1.946,0.090,0.013,67,54232,16526
60.0,58.0,16.67,3.88,0.07,0.24,0.01,0.55,1.22,0.12,2.51,2.77,0.27,0.869,1.964,0.154,0.011,45,73104,13481
60.0,58.0,16.66,3.68,0.10,0.23,0.01,0.57,1.33,0.14,2.04,1.95,0.29,0.772,1.698,0.063,0.008,31,23044,4267
60.0,58.0,16.67,3.89,0.18,0.36,0.02,1.08,2.17,0.20,1.31,0.81,0.38,0.720,2.895,0.058,0.006,19,5864,355
60.0,58.0,16.67,3.94,0.11,0.35,0.02,1.17,2.39,0.22,1.73,1.04,0.39,0.829,3.121,0.049,0.006,32,10264,3807
60.0,58.0,16.67,4.15,0.10,0.31,0.02,0.97,2.19,0.17,1.80,1.27,0.32,0.829,3.132,0.002,0.003,24,15044,6179
60.0,58.0,16.67,4.59,0.24,0.26,0.01,0.78,1.97,0.17,2.06,1.64,0.30,3.071,2.636,0.040,0.010,46,16288,5461
60.0,58.0,16.67,5.69,0.09,0.28,0.01,0.77,1.73,0.17,2.04,1.71,0.29,2.981,2.547,0.119,0.009,51,40608,9090
60.0,58.0,16.66,4.18,0.08,0.26,0.01,0.64,1.46,0.15,2.36,1.99,0.25,0.753,3.006,0.063,0.005,36,59272,10613
60.0,58.0,16.66,3.87,0.13,0.26,0.01,0.64,1.52,0.15,2.27,1.81,0.26,0.802,1.703,0.041,0.003,45,27932,7609
60.0,58.0,16.67,4.22,0.14,0.29,0.01,0.75,1.82,0.16,2.33,1.93,0.27,0.766,3.076,0.051,0.006,54,39660,10158
60.0,58.3,16.67,3.75,0.07,0.23,0.01,0.56,1.24,0.14,2.35,2.37,0.25,0.751,3.023,0.085,0.014,58,39984,10579
60.0,58.3,16.67,3.91,0.07,0.23,0.01,0.65,1.47,0.15,2.30,2.11,0.24,0.798,2.976,0.104,0.013,54,28004,7739
60.0,58.3,16.67,4.06,0.15,0.27,0.01,0.83,2.03,0.18,1.82,1.65,0.34,0.785,3.000,0.076,0.004,35,15244,3466
60.0,58.3,16.67,3.99,0.16,0.29,0.01,0.72,1.78,0.15,2.33,1.88,0.27,0.686,2.868,0.088,0.008,39,55172,8076
60.0,58.4,16.67,5.28,0.08,0.26,0.01,0.66,1.44,0.16,2.07,1.93,0.27,3.129,2.876,0.153,0.023,41,39288,7178
60.0,58.3,16.66,5.54,0.15,0.30,0.02,0.97,2.14,0.17,1.59,1.39,0.32,0.779,2.959,0.097,0.006,30,10372,2114
60.0,58.1,16.67,4.03,0.10,0.32,0.02,1.11,2.37,0.17,1.77,1.25,0.37,0.792,2.980,0.072,0.007,30,16532,4632
60.0,58.1,16.67,4.01,0.15,0.29,0.01,0.86,2.16,0.15,2.28,1.66,0.31,0.736,2.938,0.072,0.005,44,22768,7299
60.0,58.1,16.67,3.74,0.13,0.27,0.01,0.65,1.53,0.14,2.14,1.99,0.27,0.767,2.980,0.089,0.012,72,37092,10347
60.0,58.1,16.66,3.56,0.07,0.24,0.01,0.57,1.34,0.13,2.39,2.34,0.25,0.764,1.646,0.102,0.004,79,59940,15745
60.0,58.1,16.67,3.46,0.06,0.21,0.01,0.53,1.23,0.11,2.55,3.07,0.27,0.830,3.149,0.189,0.014,54,78804,15402
60.0,58.1,16.66,3.90,0.13,0.23,0.01,0.65,1.47,0.12,2.24,2.12,0.26,0.794,3.064,0.068,0.007,39,20896,4044
60.0,58.0,16.67,5.17,0.10,0.34,0.02,1.24,2.40,0.16,1.49,1.16,0.36,3.015,2.875,0.198,0.017,27,9876,507
60.0,58.0,16.67,5.03,0.10,0.30,0.02,0.97,2.23,0.13,1.57,1.28,0.35,0.825,3.034,0.096,0.004,37,14092,3735
60.0,58.0,16.67,4.13,0.10,0.27,0.02,1.02,2.29,0.16,2.16,1.72,0.34,0.841,3.075,0.083,0.003,44,20700,6697
60.0,58.0,16.66,4.11,0.21,0.27,0.02,0.84,2.12,0.15,2.06,1.74,0.33,0.690,2.814,0.075,0.004,36,15388,4982
60.0,58.0,16.67,3.77,0.09,0.30,0.01,0.68,1.67,0.16,2.04,1.70,0.30,0.815,2.992,0.113,0.005,51,50668,9964
60.0,58.0,16.67,4.05,0.08,0.24,0.01,0.73,1.55,0.16,2.08,2.07,0.25,0.804,3.059,0.108,0.008,46,55156,10341
60.0,58.0,16.67,3.94,0.14,0.25,0.01,0.85,2.02,0.19,2.11,1.65,0.31,0.815,3.020,0.091,0.004,31,13468,3566
60.0,58.0,16.67,4.01,0.13,0.26,0.01,0.78,1.90,0.16,2.29,1.66,0.28,0.859,1.723,0.058,0.005,44,36328,9883
60.0,58.3,16.67,5.40,0.07,0.24,0.01,0.55,1.19,0.13,2.30,2.40,0.27,3.058,2.072,0.081,0.015,67,49476,13666
60.0,58.3,16.67,3.79,0.11,0.22,0.01,0.54,1.19,0.14,2.20,2.28,0.25,0.761,1.692,0.105,0.004,64,36180,9579
60.0,58.5,16.67,4.21,0.09,0.29,0.01,0.84,1.96,0.16,1.94,1.85,0.29,2.172,2.004,0.093,0.004,37,20128,5344
60.0,58.5,16.67,4.38,0.14,0.26,0.01,0.78,1.89,0.14,2.17,1.87,0.27,0.854,3.168,0.082,0.012,34,53308,7955
60.0,58.5,16.66,4.10,0.15,0.29,0.02,0.78,1.88,0.16,2.12,1.87,0.26,0.791,3.034,0.061,0.008,49,22900,3983
60.0,58.0,16.67,4.07,0.10,0.31,0.02,1.08,2.31,0.19,1.38,1.29,0.35,0.820,2.982,0.104,0.005,36,12060,1927
60.0,58.0,16.67,3.97,0.08,0.28,0.02,0.87,1.78,0.16,1.63,1.36,0.35,0.841,3.062,0.079,0.007,43,17112,5466
60.0,58.0,16.67,4.37,0.14,0.28,0.01,0.76,1.66,0.14,1.93,1.55,0.31,3.519,2.565,0.166,0.007,46,25640,8814
60.0,58.0,16.67,5.38,0.08,0.25,0.02,0.68,1.43,0.15,1.85,1.78,0.26,0.783,3.054,0.095,0.005,54,24640,7128
60.0,58.0,16.67,4.03,0.07,0.25,0.01,0.57,1.22,0.13,2.25,2.48,0.26,0.809,3.089,0.136,0.007,70,76828,16496
60.0,58.0,16.67,3.96,0.06,0.21,0.01,0.54,1.12,0.12,2.42,3.14,0.27,0.821,3.124,0.189,0.008,64,82724,17485
60.0,58.0,16.67,3.73,0.15,0.22,0.01,0.58,1.23,0.13,1.98,2.08,0.31,0.846,3.073,0.060,0.004,36,23100,4869
60.0,58.0,16.67,3.82,0.08,0.25,0.01,0.78,1.58,0.19,1.56,1.42,0.29,0.693,2.791,0.085,0.006,40,12316,1437
60.0,58.2,16.67,3.81,0.09,0.30,0.01,0.85,1.82,0.20,1.72,1.51,0.34,0.713,2.796,0.112,0.003,40,17464,3872
60.0,58.2,16.67,4.11,0.14,0.29,0.01,0.80,1.66,0.20,1.70,1.58,0.31,0.845,3.025,0.111,0.004,54,22424,6187
60.0,58.2,16.67,5.13,0.09,0.30,0.01,0.80,1.70,0.19,1.71,1.63,0.32,3.045,2.683,0.170,0.004,37,16180,4792
60.0,57.8,16.67,4.76,0.14,0.27,0.01,0.75,1.57,0.13,2.18,2.00,0.27,0.755,3.041,0.103,0.007,48,60660,9960
60.0,57.8,16.66,4.00,0.08,0.31,0.01,0.70,1.37,0.12,2.15,2.13,0.26,0.796,3.000,0.105,0.013,45,45300,9178
60.0,57.8,16.66,4.07,0.16,0.35,0.02,0.93,1.99,0.15,2.01,1.77,0.36,0.786,2.956,0.091,0.005,37,14404,3209
60.0,57.8,16.67,3.99,0.08,0.25,0.01,0.81,1.68,0.14,2.15,1.83,0.32,0.830,3.013,0.082,0.006,47,36852,10815
60.0,57.8,16.66,4.03,0.14,0.24,0.01,0.65,1.30,0.14,2.37,2.26,0.25,0.810,1.731,0.070,0.011,65,50248,14294
60.0,57.8,16.67,3.84,0.09,0.20,0.01,0.52,1.09,0.14,2.22,2.59,0.26,0.800,3.053,0.077,0.014,62,35764,9444
60.0,57.8,16.66,3.98,0.08,0.25,0.01,0.62,1.29,0.15,1.91,1.78,0.32,0.816,1.777,0.086,0.012,47,27104,6756
60.0,57.8,16.67,5.60,0.08,0.25,0.01,0.60,1.27,0.15,1.82,1.62,0.27,3.100,2.644,0.234,0.015,30,53900,7968
60.0,57.8,16.67,4.01,0.13,0.29,0.01,0.69,1.40,0.15,1.94,1.73,0.31,0.700,2.825,0.072,0.005,35,18016,3595
60.0,57.8,16.67,3.85,0.10,0.32,0.01,0.96,1.77,0.18,1.59,1.02,0.36,0.794,3.040,0.105,0.003,30,9556,1573
60.0,58.2,16.67,4.11,0.09,0.30,0.01,0.91,1.85,0.16,1.73,1.28,0.35,0.778,3.034,0.101,0.004,42,17184,5410
60.0,58.3,16.67,4.10,0.09,0.29,0.02,0.87,1.85,0.18,2.05,1.70,0.30,0.791,3.071,0.079,0.003,39,24432,8568
60.0,58.3,16.67,3.98,0.18,0.28,0.01,0.75,1.63,0.14,2.04,1.96,0.29,0.770,2.981,0.082,0.003,47,20864,6140
60.0,58.3,16.67,3.89,0.08,0.25,0.01,0.64,1.30,0.12,2.37,2.31,0.25,0.817,1.717,0.123,0.007,74,69820,15453
60.0,58.1,16.67,3.86,0.06,0.19,0.01,0.49,1.05,0.10,2.38,2.97,0.27,0.809,1.717,0.200,0.011,66,81816,17765
60.0,58.1,16.67,5.47,0.10,0.22,0.01,0.56,1.22,0.11,2.31,2.32,0.30,0.848,2.018,0.071,0.004,30,24988,6122
60.0,58.1,16.67,4.27,0.15,0.29,0.01,0.80,1.74,0.12,1.81,1.31,0.30,0.778,3.069,0.070,0.005,29,14008,2765
60.0,58.1,16.67,3.60,0.06,0.19,0.01,0.50,1.19,0.11,1.16,0.95,0.24,0.772,1.724,0.093,0.010,39,16288,3773
60.0,58.1,16.67,3.59,0.12,0.22,0.01,0.63,1.33,0.14,1.39,1.50,0.26,0.823,1.708,0.098,0.008,57,20384,5323
60.0,58.1,16.67,4.07,0.08,0.26,0.02,0.72,1.69,0.14,1.72,1.54,0.35,0.790,2.993,0.086,0.006,42,19116,5697
60.0,58.1,16.67,3.84,0.10,0.20,0.01,0.67,1.40,0.13,2.00,1.87,0.28,0.723,1.601,0.081,0.010,34,56928,9644
60.0,58.1,16.67,3.29,0.09,0.19,0.01,0.50,1.06,0.13,1.72,1.63,0.31,0.829,3.127,0.073,0.011,51,38488,7119
60.0,58.1,16.66,3.99,0.06,0.21,0.01,0.51,1.20,0.11,1.41,1.09,0.25,1.187,2.569,0.203,0.008,39,15860,3180
60.0,58.3,16.66,5.09,0.06,0.18,0.01,0.54,1.19,0.11,1.58,1.19,0.27,1.170,2.499,0.183,0.009,53,33360,10185
60.0,58.3,16.67,3.55,0.13,0.20,0.01,0.52,1.08,0.11,2.12,2.14,0.26,0.829,1.712,0.053,0.002,65,49624,14672
60.0,58.3,16.67,3.51,0.06,0.19,0.01,0.51,1.08,0.11,2.52,2.79,0.27,0.724,2.934,0.070,0.003,58,38856,10965
60.0,58.3,16.67,3.83,0.11,0.26,0.01,0.63,1.33,0.13,2.23,2.06,0.26,0.736,2.905,0.060,0.005,47,32000,8150
60.0,58.2,16.66,4.09,0.09,0.26,0.01,0.74,1.54,0.14,2.11,1.95,0.30,0.811,3.154,0.057,0.004,31,53180,8034
60.0,58.2,16.67,3.96,0.12,0.28,0.01,0.80,1.61,0.14,1.80,1.46,0.37,0.834,1.911,0.044,0.006,25,10808,1941
60.0,58.2,16.67,4.08,0.13,0.40,0.02,1.24,2.22,0.15,1.32,0.83,0.42,0.794,3.003,0.059,0.003,21,7352,1285
60.0,57.8,16.67,4.04,0.10,0.34,0.01,0.96,1.94,0.14,1.76,1.19,0.39,0.826,3.077,0.070,0.003,34,15864,5344
60.0,57.8,16.67,5.64,0.17,0.25,0.01,0.70,1.45,0.16,1.74,1.53,0.28,0.740,3.009,0.095,0.015,64,28080,7879
60.0,57.8,16.67,3.94,0.08,0.28,0.01,0.65,1.37,0.16,1.76,1.87,0.31,0.746,2.961,0.110,0.011,53,24312,6399
60.0,57.8,16.67,4.19,0.06,0.23,0.01,0.59,1.27,0.14,2.00,2.00,0.31,0.888,2.028,0.146,0.014,55,73912,14702
60.0,57.8,16.67,4.02,0.11,0.23,0.01,0.55,1.14,0.14,2.42,2.80,0.26,0.806,3.161,0.170,0.006,62,72132,17035
60.0,57.8,16.67,3.63,0.07,0.25,0.01,0.61,1.28,0.12,2.30,2.35,0.26,0.810,3.167,0.067,0.006,31,27332,6906
60.0,57.8,16.67,4.12,0.12,0.30,0.01,0.85,1.82,0.14,1.71,1.52,0.31,0.854,3.102,0.055,0.001,32,17344,3668
60.0,57.8,16.67,4.01,0.15,0.32,0.01,0.87,1.82,0.20,1.79,1.50,0.37,0.739,2.930,0.053,0.012,47,14720,3861
60.0,58.3,16.67,4.52,0.14,0.25,0.01,0.63,1.41,0.14,1.60,1.56,0.28,3.096,2.948,0.099,0.038,50,17972,4769
60.0,58.3,16.67,5.47,0.08,0.29,0.01,0.86,1.88,0.20,1.76,1.54,0.30,0.813,3.185,0.063,0.004,43,24728,7578
60.0,58.4,16.67,4.23,0.13,0.27,0.01,0.73,1.55,0.17,2.25,2.02,0.29,0.812,3.169,0.088,0.012,51,59052,9810
60.0,58.4,16.67,4.14,0.11,0.25,0.01,0.66,1.39,0.11,1.98,1.89,0.28,0.851,1.784,0.098,0.005,44,24380,4724
60.0,58.4,16.67,4.19,0.09,0.29,0.01,0.91,1.92,0.14,1.75,1.34,0.35,0.824,3.085,0.101,0.008,36,15536,3093
60.0,58.4,16.67,4.01,0.16,0.26,0.01,0.78,1.65,0.14,1.91,1.65,0.32,0.733,2.955,0.109,0.007,64,37044,10504
60.0,58.5,16.67,3.95,0.07,0.25,0.01,0.56,1.14,0.13,2.19,2.41,0.26,0.845,3.237,0.101,0.004,74,54220,15797
60.0,58.5,16.67,3.92,0.06,0.21,0.01,0.56,1.16,0.12,2.44,3.03,0.28,0.862,3.233,0.104,0.004,56,40184,10831
60.0,58.5,16.67,5.08,0.16,0.25,0.01,0.58,1.21,0.14,2.06,2.06,0.27,3.134,2.680,0.272,0.019,62,56272,9850
60.0,58.5,16.66,4.57,0.07,0.23,0.01,0.63,1.29,0.12,1.93,2.01,0.30,0.820,3.071,0.138,0.009,49,50716,7854
60.0,58.3,16.67,4.23,0.15,0.26,0.01,0.68,1.49,0.12,1.57,1.33,0.29,0.860,3.056,0.113,0.007,35,11276,730
60.0,58.3,16.66,4.13,0.18,0.28,0.01,1.01,1.84,0.17,1.46,1.03,0.35,0.746,2.919,0.103,0.005,37,9832,1269
60.0,58.0,16.67,4.08,0.11,0.37,0.02,1.04,2.20,0.19,2.10,1.74,0.36,0.858,3.202,0.099,0.014,46,20076,5386
60.0,58.0,16.67,4.39,0.09,0.26,0.01,0.73,1.56,0.14,1.83,1.71,0.30,2.111,2.014,0.120,0.005,61,30948,8207
60.0,58.0,16.67,4.38,0.14,0.26,0.01,0.83,1.77,0.16,1.96,2.01,0.28,0.794,3.085,0.119,0.004,52,22884,6583
60.0,58.0,16.67,4.21,0.16,0.28,0.01,0.74,1.56,0.16,2.18,2.21,0.28,0.838,3.019,0.131,0.016,68,66292,12757
60.0,58.0,16.67,5.52,0.06,0.22,0.01,0.52,1.10,0.12,2.33,2.68,0.26,1.318,1.781,0.180,0.010,65,76448,15519
60.0,58.0,16.67,3.83,0.10,0.21,0.01,0.52,1.10,0.13,2.27,2.68,0.25,0.885,1.785,0.095,0.013,50,39364,9820
60.0,58.0,16.67,3.84,0.09,0.27,0.01,0.69,1.47,0.19,1.99,1.96,0.31,0.772,3.083,0.093,0.003,49,27640,6339
60.0,57.4,16.67,4.10,0.09,0.32,0.02,0.98,2.01,0.20,2.04,2.05,0.32,0.765,3.032,0.109,0.003,42,18084,3927
60.0,57.4,16.67,4.09,0.21,0.30,0.01,0.91,1.82,0.20,1.95,1.91,0.29,0.763,3.002,0.113,0.003,60,20852,4802
60.0,57.4,16.67,4.00,0.08,0.27,0.01,0.79,1.79,0.18,1.93,1.75,0.33,0.752,3.004,0.108,0.014,55,28368,7584
60.0,57.4,16.67,4.03,0.09,0.27,0.01,0.74,1.51,0.14,2.34,2.19,0.27,0.767,3.028,0.131,0.009,43,60108,9593
60.0,57.4,16.67,4.14,0.17,0.22,0.01,0.63,1.28,0.13,1.92,1.94,0.27,1.144,2.552,0.225,0.025,47,24648,4656
60.0,57.4,16.67,5.42,0.08,0.26,0.01,0.82,1.75,0.17,1.63,1.34,0.28,0.825,1.762,0.091,0.011,45,15152,3372
60.0,57.4,16.67,4.19,0.09,0.30,0.02,0.91,1.88,0.18,1.95,1.75,0.33,0.831,3.124,0.103,0.004,58,28156,8041
60.0,57.6,16.66,4.21,0.11,0.25,0.01,0.61,1.24,0.13,2.32,2.34,0.26,2.084,1.906,0.121,0.004,68,49824,14265
60.0,57.6,16.67,3.72,0.10,0.20,0.01,0.50,1.05,0.13,2.25,2.64,0.26,0.774,1.699,0.098,0.004,54,42916,12363
60.0,57.6,16.67,3.70,0.07,0.23,0.01,0.53,1.14,0.13,2.28,2.44,0.25,0.758,3.027,0.113,0.005,42,66764,12012
60.0,57.6,16.67,3.70,0.12,0.24,0.01,0.61,1.27,0.13,1.97,1.97,0.31,0.729,3.052,0.065,0.004,28,39880,6591
60.0,57.6,16.67,4.09,0.11,0.30,0.01,1.02,1.94,0.18,1.51,1.13,0.35,0.804,3.115,0.057,0.006,23,4952,226
60.0,57.6,16.67,5.58,0.11,0.40,0.04,1.29,2.38,0.20,1.03,0.90,0.41,3.303,2.851,0.158,0.012,20,9752,2884
60.0,57.6,16.67,4.60,0.14,0.27,0.01,0.77,1.75,0.13,1.66,1.30,0.34,0.794,3.006,0.079,0.002,43,16660,5142
60.0,57.6,16.67,3.98,0.15,0.26,0.02,0.83,1.72,0.20,2.32,2.11,0.28,0.744,2.927,0.087,0.007,61,24924,7312
60.0,57.6,16.67,3.83,0.08,0.28,0.01,0.72,1.59,0.15,1.93,1.87,0.29,0.748,3.002,0.109,0.013,47,26536,7574
60.0,57.6,16.66,3.56,0.13,0.25,0.01,0.61,1.26,0.14,2.15,2.21,0.28,0.775,1.660,0.164,0.005,52,65084,10875
60.0,57.6,16.66,3.69,0.11,0.24,0.01,0.54,1.15,0.17,2.26,2.56,0.28,0.805,2.975,0.141,0.007,80,53920,12747
60.0,57.6,16.67,3.68,0.11,0.21,0.01,0.58,1.17,0.18,2.12,2.45,0.26,0.778,2.997,0.171,0.005,83,50556,11550
60.0,57.6,16.66,3.46,0.08,0.25,0.01,0.60,1.26,0.20,2.16,2.39,0.26,0.797,2.956,0.151,0.004,78,40976,8860
60.0,58.2,16.67,5.35,0.12,0.26,0.02,0.64,1.38,0.26,1.88,2.06,0.26,2.468,1.709,0.153,0.008,66,27772,5714
60.0,58.2,16.67,3.69,0.12,0.23,0.01,0.63,1.32,0.21,1.65,2.00,0.30,0.755,3.020,0.188,0.008,70,27044,4601
60.0,58.2,16.66,4.00,0.08,0.25,0.01,0.69,1.50,0.19,2.00,1.95,0.32,0.863,3.212,0.200,0.003,73,45140,8508
60.0,58.2,16.66,4.04,0.15,0.22,0.01,0.60,1.21,0.20,1.92,2.18,0.32,0.773,3.047,0.215,0.003,77,67144,9510
60.0,58.2,16.67,3.73,0.07,0.24,0.01,0.60,1.29,0.17,1.83,2.15,0.30,0.813,1.868,0.172,0.003,68,27256,3743
60.0,58.2,16.67,4.15,0.08,0.26,0.01,0.77,1.75,0.17,1.26,1.48,0.32,0.798,3.060,0.195,0.002,52,21856,3560
60.0,58.2,16.67,3.96,0.19,0.25,0.01,0.71,1.55,0.21,1.91,2.10,0.28,0.774,2.982,0.181,0.006,94,31832,6820
60.0,58.2,16.66,4.42,0.07,0.23,0.01,0.56,1.16,0.16,2.13,2.60,0.26,3.157,2.460,0.366,0.038,109,52732,13960
60.0,58.4,16.67,4.62,0.09,0.22,0.01,0.51,1.06,0.14,2.10,2.56,0.27,1.058,2.493,0.306,0.036,83,56804,14425
60.0,58.4,16.66,4.30,0.10,0.22,0.01,0.53,1.11,0.15,2.35,3.04,0.28,0.802,3.027,0.234,0.006,77,79800,13845
60.0,58.5,16.67,3.71,0.10,0.22,0.01,0.53,1.11,0.13,2.07,2.47,0.27,0.778,1.749,0.150,0.005,52,52164,8307
60.0,58.4,16.67,3.77,0.09,0.29,0.01,0.90,1.78,0.17,1.56,1.33,0.35,0.754,3.016,0.102,0.014,26,10680,422
60.0,57.9,16.67,4.06,0.16,0.35,0.02,1.19,2.15,0.22,1.40,1.01,0.39,0.748,2.906,0.076,0.019,35,10212,2376
60.0,57.9,16.66,3.96,0.15,0.32,0.01,0.93,1.99,0.25,2.06,1.87,0.32,0.733,3.010,0.102,0.003,63,20224,5086
60.0,57.9,16.67,3.95,0.08,0.24,0.01,0.65,1.42,0.17,1.76,1.93,0.29,0.847,3.177,0.092,0.002,62,25288,6575
60.0,57.6,16.67,4.19,0.15,0.30,0.01,0.84,1.82,0.20,2.05,1.92,0.36,0.823,3.159,0.101,0.009,63,33972,9453
60.0,57.6,16.67,5.42,0.07,0.23,0.01,0.59,1.24,0.14,2.17,2.24,0.25,1.080,2.531,0.468,0.010,76,72584,11144
60.0,57.6,16.67,4.35,0.06,0.23,0.01,0.55,1.21,0.10,2.18,2.59,0.27,0.883,1.915,0.205,0.007,72,46836,10180
60.0,57.6,16.66,4.08,0.14,0.25,0.01,0.55,1.15,0.13,1.94,2.17,0.29,2.266,1.946,0.186,0.004,91,52456,11608
60.0,57.6,16.67,3.71,0.06,0.19,0.01,0.51,1.05,0.18,2.03,2.71,0.27,0.779,1.694,0.184,0.017,100,44524,10122
60.0,57.6,16.67,3.78,0.15,0.26,0.01,0.63,1.33,0.19,1.93,2.26,0.27,0.828,1.849,0.222,0.009,87,40868,7765
60.0,57.6,16.67,4.04,0.11,0.26,0.01,0.73,1.53,0.24,1.61,1.98,0.27,0.825,3.148,0.198,0.005,77,28264,4563
60.0,57.6,16.67,4.14,0.08,0.26,0.02,0.74,1.61,0.22,2.08,2.32,0.26,0.811,3.154,0.194,0.014,78,60548,9089
60.0,58.0,16.67,3.83,0.13,0.20,0.01,0.68,1.45,0.16,2.17,2.40,0.26,0.824,1.809,0.202,0.007,68,64192,9147
60.0,58.0,16.66,5.12,0.08,0.25,0.01,0.67,1.48,0.14,1.63,1.73,0.26,0.878,3.147,0.157,0.012,50,20104,2431
60.0,58.0,16.66,4.22,0.20,0.28,0.01,0.85,1.79,0.22,1.54,1.53,0.34,0.756,3.019,0.211,0.003,77,21788,3101
60.0,58.0,16.66,3.83,0.07,0.25,0.01,0.72,1.56,0.18,1.73,1.88,0.28,2.205,1.999,0.199,0.003,73,32328,6809
60.0,58.0,16.67,4.10,0.12,0.23,0.01,0.66,1.42,0.17,2.09,2.51,0.29,0.895,1.928,0.229,0.003,111,53064,12619
60.0,58.0,16.67,4.06,0.12,0.23,0.01,0.58,1.23,0.16,2.26,2.76,0.26,0.896,1.920,0.222,0.007,105,61408,15555
60.0,58.0,16.67,3.72,0.10,0.20,0.01,0.53,1.11,0.13,2.58,3.35,0.28,0.873,1.874,0.287,0.011,80,87484,15284
60.0,58.0,16.67,4.07,0.10,0.23,0.01,0.60,1.26,0.14,2.23,2.53,0.26,0.834,3.183,0.212,0.011,63,38808,5979
60.0,57.1,16.66,4.87,0.15,0.35,0.02,1.11,2.13,0.29,1.49,1.73,0.34,1.103,2.503,0.318,0.008,63,13252,696
60.0,57.1,16.66,5.33,0.19,0.36,0.02,1.16,2.25,0.32,1.70,1.90,0.30,2.080,1.990,0.201,0.004,73,25788,4437
60.0,57.1,16.67,4.35,0.21,0.28,0.02,0.93,2.00,0.28,1.83,2.22,0.28,0.830,3.187,0.188,0.012,97,29516,7256
60.0,57.1,16.67,4.40,0.08,0.26,0.02,0.80,1.72,0.24,2.07,2.32,0.27,0.847,1.985,0.187,0.005,68,27464,6021
60.0,57.1,16.67,4.26,0.20,0.26,0.01,0.79,1.61,0.19,2.06,2.22,0.26,0.772,3.135,0.244,0.004,114,60348,10011
60.0,57.1,16.67,3.76,0.06,0.20,0.01,0.54,1.12,0.16,1.95,2.61,0.27,0.795,3.117,0.352,0.006,104,80884,11722
60.0,57.1,16.67,4.21,0.15,0.24,0.01,0.57,1.28,0.18,1.90,2.62,0.26,0.863,3.290,0.251,0.007,111,48892,8108
60.0,57.1,16.67,4.54,0.12,0.26,0.01,0.71,1.44,0.21,2.02,2.49,0.26,2.098,2.062,0.290,0.008,121,58648,10253
60.0,58.2,16.67,4.47,0.13,0.21,0.01,0.55,1.16,0.16,2.26,2.95,0.27,1.058,2.476,0.493,0.006,111,58580,12324
60.0,58.2,16.66,5.66,0.11,0.22,0.01,0.61,1.24,0.18,2.13,2.59,0.25,0.709,2.931,0.236,0.004,104,49932,9428
60.0,57.9,16.67,3.78,0.13,0.29,0.01,0.74,1.57,0.21,1.77,2.13,0.25,0.685,2.876,0.173,0.003,82,31868,4438
60.0,57.9,16.67,3.89,0.13,0.27,0.01,0.73,1.47,0.25,2.15,2.37,0.25,0.672,2.846,0.204,0.004,73,70392,8863
60.0,57.9,16.67,3.98,0.22,0.27,0.01,0.75,1.50,0.22,2.16,2.42,0.26,0.739,2.914,0.195,0.012,83,51448,8084
60.0,57.9,16.67,4.02,0.10,0.33,0.02,1.01,2.10,0.26,1.81,2.13,0.31,0.737,2.906,0.182,0.003,58,23404,2664
60.0,57.9,16.67,4.02,0.19,0.33,0.02,1.13,2.30,0.26,1.85,2.15,0.35,0.726,2.934,0.220,0.005,87,34796,5478
60.0,57.9,16.67,4.04,0.08,0.26,0.01,0.75,1.58,0.18,1.86,2.38,0.26,0.736,2.919,0.268,0.004,107,43268,7578
60.0,57.9,16.67,3.97,0.16,0.21,0.01,0.63,1.24,0.19,2.03,2.57,0.25,0.891,2.215,0.468,0.027,129,51316,11113
60.0,58.0,16.66,4.64,0.09,0.20,0.01,0.50,1.05,0.20,2.19,2.87,0.26,0.742,2.916,0.284,0.016,129,71748,15813
60.0,58.0,16.67,4.03,0.07,0.19,0.01,0.52,1.10,0.18,2.69,3.69,0.28,0.817,3.132,0.368,0.015,100,95860,16154
60.0,58.0,16.67,4.19,0.11,0.23,0.01,0.59,1.23,0.19,2.14,2.61,0.25,0.784,3.053,0.191,0.013,65,35808,5377
60.0,58.0,16.66,3.94,0.13,0.28,0.02,0.99,1.90,0.19,1.31,1.48,0.31,0.765,2.987,0.170,0.011,48,15892,651
60.0,58.0,16.67,4.02,0.17,0.28,0.02,0.96,2.01,0.23,1.59,1.87,0.29,0.746,2.957,0.175,0.004,81,27672,4180
60.0,58.1,16.67,4.03,0.15,0.31,0.02,0.87,1.79,0.23,1.88,2.21,0.27,0.809,2.973,0.189,0.004,82,30412,6859
60.0,58.1,16.66,3.89,0.18,0.25,0.02,0.74,1.46,0.31,2.07,2.27,0.26,0.667,2.889,0.197,0.003,84,28460,6003
60.0,58.1,16.67,5.13,0.13,0.28,0.01,0.73,1.46,0.26,2.01,2.31,0.26,3.123,2.839,0.412,0.015,111,67904,10981
60.0,58.1,16.67,4.16,0.10,0.21,0.01,0.53,1.12,0.19,1.95,2.65,0.25,0.809,1.727,0.380,0.010,118,82688,11727
60.0,58.1,16.67,4.24,0.16,0.22,0.01,0.59,1.25,0.20,2.08,2.66,0.26,0.757,2.970,0.345,0.004,128,50172,6846
60.0,58.1,16.67,3.81,0.17,0.26,0.01,0.58,1.18,0.16,1.82,2.89,0.25,0.750,3.040,0.352,0.005,160,66060,10207
60.0,58.1,16.67,3.57,0.10,0.22,0.01,0.48,1.00,0.15,2.24,3.65,0.27,0.710,2.982,0.406,0.014,166,76436,13850
60.0,58.2,16.66,3.89,0.10,0.22,0.01,0.49,1.02,0.16,2.18,3.14,0.26,0.729,2.952,0.408,0.010,146,65076,11027
60.0,58.2,16.67,4.24,0.12,0.28,0.01,0.70,1.48,0.18,1.70,2.64,0.25,0.836,3.114,0.351,0.005,136,47112,5423
60.0,58.5,16.67,4.24,0.11,0.25,0.01,0.59,1.27,0.15,2.00,2.80,0.25,0.825,3.132,0.434,0.005,138,87208,9684
60.0,58.5,16.67,5.43,0.19,0.22,0.01,0.55,1.15,0.15,1.72,2.83,0.26,0.786,3.006,0.431,0.004,144,64940,7508
60.0,58.4,16.67,4.05,0.18,0.25,0.01,0.70,1.50,0.21,1.58,2.57,0.24,0.774,2.966,0.434,0.009,157,47692,4007
60.0,57.1,16.67,4.13,0.18,0.27,0.01,0.72,1.51,0.23,1.59,2.73,0.25,0.736,1.641,0.434,0.006,164,55516,7075
60.0,57.1,16.66,3.94,0.12,0.22,0.01,0.57,1.22,0.18,1.86,2.97,0.25,0.809,3.180,0.459,0.007,169,68956,10577
60.0,57.1,16.67,3.76,0.11,0.22,0.01,0.54,1.15,0.15,1.93,3.30,0.26,0.823,3.197,0.507,0.005,188,71516,11352
60.0,57.1,16.67,3.66,0.12,0.20,0.01,0.54,1.10,0.14,2.20,3.82,0.27,0.846,1.800,0.535,0.003,177,97600,16843
60.0,57.1,16.67,3.59,0.10,0.18,0.01,0.51,1.06,0.12,2.70,4.25,0.29,0.818,1.742,0.539,0.005,144,110108,17351
60.0,57.1,16.67,4.59,0.10,0.20,0.01,0.54,1.11,0.14,2.08,2.87,0.25,3.229,2.691,0.480,0.034,99,45360,5465
60.0,57.1,16.67,4.92,0.19,0.29,0.02,0.98,2.03,0.23,1.51,2.22,0.30,0.748,3.000,0.258,0.004,90,25060,1095
60.0,57.1,16.67,4.29,0.20,0.31,0.02,0.91,1.94,0.25,1.76,2.47,0.28,0.839,3.131,0.244,0.004,136,39140,4936
60.0,57.6,16.67,4.32,0.15,0.25,0.01,0.71,1.53,0.22,1.93,2.64,0.24,2.147,1.894,0.306,0.005,160,47808,8461
60.0,57.6,16.67,4.08,0.12,0.26,0.01,0.67,1.39,0.21,1.70,2.55,0.25,0.825,1.790,0.318,0.003,136,48060,7669
60.0,57.6,16.66,4.03,0.11,0.23,0.01,0.56,1.16,0.17,1.94,2.89,0.26,0.801,1.802,0.443,0.007,146,97548,11965
60.0,57.6,16.66,3.63,0.13,0.20,0.01,0.53,1.10,0.16,1.96,3.15,0.25,0.769,3.065,0.479,0.005,159,83228,10541
60.0,57.6,16.66,4.20,0.18,0.21,0.01,0.62,1.25,0.17,1.60,2.74,0.25,0.801,3.018,0.457,0.008,177,64636,7333
60.0,58.1,16.66,5.27,0.11,0.24,0.01,0.55,1.21,0.15,1.85,3.27,0.26,1.099,2.568,0.897,0.026,193,88280,13073
60.0,58.1,16.67,3.81,0.10,0.21,0.01,0.52,1.08,0.16,2.23,4.21,0.27,0.800,1.706,0.558,0.004,191,87776,15206
60.0,58.1,16.67,3.78,0.15,0.22,0.01,0.52,1.08,0.16,2.15,3.47,0.26,0.752,2.996,0.443,0.002,148,66884,10036
60.0,58.3,16.67,3.91,0.11,0.24,0.01,0.64,1.33,0.18,1.88,2.58,0.25,0.707,2.963,0.378,0.008,135,50944,7982
60.0,58.3,16.66,3.78,0.13,0.22,0.01,0.56,1.17,0.19,1.88,2.75,0.26,0.665,1.535,0.408,0.009,129,83056,9381
60.0,58.3,16.67,3.85,0.10,0.21,0.01,0.59,1.19,0.20,1.56,2.56,0.24,0.673,2.838,0.340,0.005,119,42724,4137
60.0,58.3,16.66,4.27,0.14,0.31,0.01,0.89,1.94,0.25,1.53,2.52,0.27,0.760,3.027,0.328,0.003,124,37964,3211
60.0,58.4,16.67,4.18,0.13,0.28,0.01,0.72,1.62,0.22,1.75,2.52,0.24,0.769,2.996,0.352,0.009,133,47848,7056
60.0,58.4,16.67,5.42,0.15,0.23,0.01,0.63,1.27,0.17,1.69,2.77,0.25,0.750,3.047,0.440,0.007,168,65644,10929
60.0,58.2,16.67,4.01,0.10,0.23,0.01,0.55,1.19,0.15,1.96,3.12,0.25,0.760,3.020,0.489,0.009,188,63476,8738
60.0,58.2,16.66,3.96,0.13,0.20,0.01,0.53,1.10,0.16,2.21,3.68,0.26,0.774,1.661,0.580,0.013,187,109960,17956
60.0,58.2,16.66,3.62,0.11,0.18,0.01,0.50,1.06,0.16,2.55,4.39,0.29,0.711,2.896,0.611,0.010,158,118344,19563
60.0,58.2,16.67,3.70,0.09,0.19,0.01,0.57,1.17,0.15,2.22,3.39,0.27,0.819,1.832,0.339,0.013,110,49912,6630
60.0,58.2,16.67,4.24,0.18,0.26,0.02,0.79,1.70,0.17,1.66,2.40,0.25,0.804,3.181,0.311,0.010,119,37988,2768
60.0,58.2,16.67,4.24,0.14,0.27,0.01,0.87,1.79,0.19,1.64,2.67,0.25,0.792,3.103,0.346,0.012,142,42724,5193
60.0,58.2,16.67,4.46,0.17,0.26,0.01,0.67,1.41,0.14,1.74,2.70,0.24,3.298,2.680,0.625,0.012,144,48000,7204
60.0,58.3,16.66,5.19,0.15,0.24,0.01,0.66,1.41,0.16,1.60,2.57,0.24,0.735,2.937,0.316,0.006,132,45644,7024
60.0,58.3,16.67,3.84,0.11,0.24,0.01,0.56,1.16,0.16,2.04,2.82,0.26,0.812,1.802,0.475,0.008,142,93376,11669
60.0,58.3,16.67,4.10,0.13,0.20,0.01,0.53,1.13,0.15,1.89,3.20,0.26,0.837,3.088,0.554,0.004,185,88124,10714
60.0,58.2,16.67,4.24,0.10,0.19,0.01,0.57,1.30,0.18,1.40,2.86,0.26,0.762,3.067,0.506,0.010,199,64832,5445
60.0,58.2,16.66,4.17,0.11,0.24,0.01,0.59,1.24,0.18,1.81,3.15,0.25,0.813,1.718,0.539,0.006,195,85168,12850
60.0,58.2,16.67,3.48,0.10,0.24,0.01,0.51,1.08,0.16,2.19,3.76,0.27,0.769,1.697,0.523,0.005,176,91700,17384
60.0,58.2,16.67,3.61,0.12,0.17,0.01,0.51,1.03,0.18,2.36,3.70,0.27,0.720,1.609,0.427,0.013,139,66040,10972
60.0,58.2,16.67,4.26,0.15,0.21,0.01,0.56,1.16,0.17,2.02,2.72,0.25,1.079,2.418,0.611,0.031,148,65804,9414
60.0,58.2,16.67,4.46,0.12,0.24,0.01,0.65,1.33,0.19,1.86,2.89,0.26,0.831,1.758,0.433,0.005,147,84516,9401
60.0,58.2,16.67,4.02,0.15,0.25,0.01,0.66,1.38,0.20,1.70,2.69,0.24,0.776,3.039,0.339,0.004,152,44628,3753
60.0,58.2,16.67,4.22,0.16,0.31,0.01,0.85,1.91,0.20,1.56,2.50,0.25,0.764,3.011,0.336,0.003,131,36532,3262
60.0,58.4,16.67,4.14,0.14,0.25,0.01,0.76,1.58,0.20,1.83,2.61,0.25,0.782,1.702,0.351,0.004,147,52616,7420
60.0,58.4,16.67,3.99,0.19,0.24,0.01,0.63,1.31,0.20,1.89,3.02,0.26,0.738,1.672,0.473,0.005,187,71876,10276
60.0,58.4,16.67,3.85,0.17,0.28,0.01,0.57,1.21,0.16,1.84,3.24,0.26,0.878,1.824,0.523,0.006,194,69008,8639
60.0,58.4,16.66,3.96,0.09,0.20,0.01,0.58,1.17,0.16,2.10,3.69,0.26,0.819,1.781,0.622,0.006,196,122480,18114
60.0,57.7,16.67,5.25,0.09,0.21,0.01,0.52,1.11,0.17,2.41,4.42,0.29,1.007,2.412,1.129,0.033,171,116848,18426
60.0,57.7,16.67,3.70,0.17,0.18,0.01,0.53,1.12,0.16,2.27,3.55,0.27,0.730,2.964,0.414,0.014,122,59536,7938
60.0,57.7,16.67,4.04,0.16,0.24,0.02,0.70,1.47,0.20,1.79,2.64,0.25,0.715,2.900,0.344,0.009,118,45896,5367
60.0,57.7,16.67,4.12,0.20,0.27,0.01,0.74,1.56,0.20,1.68,2.55,0.25,0.719,2.867,0.318,0.012,130,40312,4924
60.0,57.7,16.67,3.82,0.12,0.24,0.01,0.70,1.42,0.16,1.64,2.54,0.24,0.797,1.745,0.343,0.005,150,48440,6250
60.0,57.7,16.67,4.06,0.11,0.24,0.01,0.69,1.48,0.17,1.70,2.55,0.24,0.763,3.013,0.335,0.010,152,51884,7919
60.0,57.7,16.67,3.88,0.14,0.23,0.01,0.58,1.23,0.15,2.12,3.01,0.26,0.766,3.010,0.425,0.011,144,91308,11687
60.0,57.7,16.67,3.70,0.15,0.26,0.01,0.55,1.15,0.16,1.89,3.02,0.26,0.776,3.004,0.445,0.012,150,69000,8206
60.0,58.2,16.66,5.42,0.23,0.23,0.01,0.67,1.35,0.22,1.60,2.68,0.25,0.705,2.797,0.473,0.011,173,57256,5272
60.0,58.2,16.66,3.72,0.10,0.22,0.01,0.55,1.18,0.20,1.75,2.91,0.25,0.675,1.497,0.513,0.010,188,75060,11714
60.0,58.2,16.67,3.63,0.10,0.21,0.01,0.53,1.12,0.18,2.19,3.66,0.26,0.778,1.693,0.522,0.007,190,89368,15736
60.0,58.2,16.67,3.61,0.10,0.21,0.01,0.54,1.12,0.17,2.48,4.12,0.28,0.736,2.907,0.460,0.005,151,73968,13023
60.0,58.2,16.66,3.63,0.11,0.21,0.01,0.56,1.14,0.16,2.06,3.13,0.26,0.749,2.953,0.398,0.006,147,80084,12129
60.0,58.3,16.66,3.70,0.16,0.20,0.01,0.59,1.22,0.17,1.93,2.92,0.25,0.749,2.916,0.357,0.004,124,82584,9278
60.0,58.3,16.67,3.68,0.18,0.25,0.01,0.68,1.44,0.23,1.82,2.69,0.25,0.709,2.857,0.251,0.010,126,37548,3067
60.0,58.3,16.66,4.31,0.20,0.31,0.02,0.94,2.00,0.30,1.57,2.38,0.28,2.887,2.379,0.452,0.007,109,29476,2463
60.0,58.3,16.66,5.20,0.15,0.28,0.02,0.88,1.82,0.24,1.76,2.37,0.26,0.779,2.909,0.258,0.008,124,42676,6763
60.0,58.3,16.67,3.96,0.11,0.25,0.01,0.68,1.41,0.20,1.84,2.52,0.24,0.735,2.936,0.303,0.008,137,56768,9463
60.0,58.3,16.66,3.88,0.15,0.26,0.01,0.65,1.29,0.17,1.97,2.81,0.25,0.716,2.950,0.390,0.003,151,61040,8416
60.0,58.0,16.67,3.44,0.15,0.21,0.01,0.55,1.16,0.17,2.09,3.48,0.26,0.761,2.940,0.571,0.004,196,111268,15982
60.0,58.0,16.67,3.68,0.14,0.20,0.01,0.49,1.02,0.17,2.38,4.18,0.28,0.725,1.543,0.621,0.004,173,107512,16732
60.0,58.0,16.67,3.73,0.13,0.18,0.01,0.48,1.01,0.18,2.20,3.36,0.27,0.690,2.808,0.425,0.014,126,64132,9818
60.0,58.0,16.67,4.19,0.13,0.27,0.01,0.66,1.40,0.19,1.98,2.66,0.24,0.754,2.991,0.348,0.003,133,56624,7610
60.0,58.0,16.67,5.23,0.15,0.25,0.01,0.67,1.44,0.19,1.69,2.53,0.24,2.963,2.612,0.563,0.008,142,46284,5705
60.0,58.0,16.67,4.25,0.17,0.23,0.01,0.66,1.37,0.17,1.73,2.68,0.24,0.695,2.829,0.306,0.006,146,41760,5937
60.0,58.0,16.67,3.90,0.18,0.24,0.01,0.75,1.50,0.18,1.83,2.58,0.24,0.705,2.820,0.346,0.014,151,52440,8379
60.0,58.0,16.67,3.50,0.14,0.20,0.01,0.54,1.11,0.18,1.87,2.97,0.26,0.692,1.486,0.425,0.004,154,94264,11582
60.0,58.5,16.67,3.68,0.12,0.22,0.01,0.55,1.20,0.18,1.98,3.09,0.26,0.751,2.951,0.436,0.004,153,59792,6337
60.0,58.5,16.67,4.11,0.12,0.24,0.01,0.74,1.57,0.22,1.57,2.67,0.24,0.779,1.614,0.460,0.006,167,56444,5309
60.0,58.5,16.67,4.13,0.19,0.25,0.01,0.64,1.36,0.21,1.88,3.17,0.25,0.751,1.590,0.520,0.004,211,75872,11591
60.0,58.0,16.67,3.52,0.09,0.20,0.01,0.50,1.05,0.14,2.01,3.73,0.27,0.672,1.538,0.549,0.004,189,88344,15940
60.0,58.0,16.67,4.87,0.13,0.21,0.01,0.50,1.03,0.16,2.35,3.83,0.28,0.707,2.957,0.455,0.004,140,72152,13235
60.0,58.0,16.67,3.75,0.10,0.21,0.01,0.50,1.02,0.18,2.34,3.06,0.26,0.716,2.898,0.406,0.004,118,85412,13297
60.0,58.0,16.67,3.47,0.13,0.24,0.01,0.59,1.21,0.21,2.03,2.71,0.25,0.766,3.026,0.361,0.006,108,70368,8413
60.0,58.0,16.67,4.12,0.17,0.27,0.01,0.75,1.61,0.26,1.63,2.43,0.26,0.761,2.935,0.266,0.007,114,30980,1682
60.0,58.0,16.67,3.96,0.19,0.35,0.02,0.95,2.08,0.26,1.41,2.43,0.28,0.750,2.919,0.281,0.004,112,32756,4079
60.0,58.0,16.66,4.13,0.15,0.33,0.01,0.81,1.68,0.18,1.90,2.40,0.26,0.725,2.966,0.257,0.009,112,42188,6603
60.0,58.0,16.67,3.81,0.16,0.25,0.01,0.69,1.40,0.15,1.92,2.70,0.25,0.738,2.937,0.348,0.008,142,55372,8200
60.0,58.1,16.67,4.16,0.15,0.24,0.02,0.50,1.07,0.15,1.81,2.72,0.26,3.058,2.407,0.723,0.026,164,66536,9825
60.0,58.1,16.67,4.43,0.13,0.22,0.02,0.50,1.06,0.14,2.06,3.57,0.28,0.814,3.156,0.592,0.004,171,107516,14489
60.0,58.1,16.67,3.76,0.11,0.23,0.01,0.54,1.11,0.15,2.20,3.74,0.26,0.815,1.827,0.507,0.002,146,78172,13315
60.0,58.1,16.67,3.77,0.11,0.24,0.01,0.54,1.13,0.15,2.06,3.05,0.27,0.808,1.821,0.358,0.004,138,63800,10300
60.0,58.1,16.67,3.39,0.15,0.24,0.02,0.56,1.12,0.14,1.83,2.79,0.26,0.814,1.773,0.330,0.003,149,57796,9130
60.0,58.6,16.67,3.88,0.15,0.24,0.01,0.55,1.15,0.16,1.86,2.57,0.24,0.767,1.647,0.313,0.013,133,47764,7109
60.0,58.6,16.67,3.95,0.15,0.22,0.01,0.46,1.18,0.17,1.59,3.04,0.30,0.746,1.651,0.335,0.007,149,47576,5658
60.0,58.6,16.67,4.12,0.10,0.20,0.01,0.51,1.08,0.18,1.56,2.43,0.26,0.811,3.128,0.375,0.008,154,75148,10143
60.0,58.5,16.66,4.90,0.10,0.20,0.01,0.56,1.15,0.18,1.91,3.07,0.27,3.135,2.668,0.914,0.014,156,91540,11228
60.0,58.5,16.67,4.09,0.12,0.24,0.01,0.59,1.23,0.16,1.73,2.96,0.25,0.773,3.063,0.492,0.004,161,57092,4588
60.0,57.2,16.66,3.94,0.17,0.26,0.01,0.66,1.40,0.19,1.61,2.83,0.24,0.787,1.668,0.485,0.003,179,59940,5674
60.0,57.2,16.67,3.78,0.20,0.24,0.01,0.57,1.18,0.17,1.92,3.03,0.24,0.738,1.637,0.515,0.003,197,69804,9762
60.0,57.2,16.67,3.49,0.12,0.20,0.01,0.48,1.00,0.16,2.19,3.77,0.26,0.710,2.932,0.568,0.012,194,93308,16439
60.0,57.2,16.67,3.98,0.10,0.19,0.01,0.52,1.11,0.17,2.38,3.97,0.28,0.828,1.789,0.479,0.012,156,81052,14924
60.0,57.2,16.67,3.63,0.12,0.21,0.01,0.54,1.10,0.15,2.31,3.41,0.26,0.810,1.780,0.454,0.013,122,96116,13511
60.0,57.2,16.67,3.80,0.10,0.21,0.01,0.58,1.17,0.15,2.13,2.74,0.25,0.819,1.730,0.367,0.012,92,64648,7883
60.0,57.2,16.67,5.79,0.14,0.29,0.01,0.88,1.73,0.21,1.71,2.29,0.26,0.795,2.866,0.260,0.014,95,26756,1235
60.0,58.2,16.67,3.65,0.14,0.23,0.01,0.60,1.40,0.17,1.13,1.73,0.26,0.714,1.544,0.250,0.009,116,31204,3681
60.0,57.9,16.67,3.68,0.21,0.31,0.02,0.78,1.62,0.26,1.88,2.45,0.26,0.655,2.825,0.275,0.004,115,33648,6145
60.0,57.9,16.67,4.06,0.12,0.26,0.01,0.74,1.50,0.21,2.11,2.66,0.26,0.741,2.919,0.296,0.004,129,45868,7673
60.0,57.9,16.67,3.81,0.11,0.24,0.01,0.67,1.36,0.18,1.95,2.61,0.24,0.749,1.675,0.379,0.013,145,60020,10199
60.0,57.9,16.67,3.56,0.17,0.21,0.01,0.53,1.10,0.14,2.09,3.27,0.26,0.740,1.617,0.582,0.004,171,106876,13142
60.0,57.9,16.66,3.51,0.14,0.24,0.01,0.51,1.05,0.14,2.29,3.89,0.27,0.717,2.966,0.541,0.004,166,79856,12897
60.0,57.9,16.66,3.74,0.12,0.20,0.01,0.49,1.05,0.16,1.99,3.12,0.26,0.931,2.310,0.566,0.006,132,69428,12216
60.0,57.9,16.67,4.82,0.11,0.24,0.02,0.52,1.10,0.18,1.90,2.82,0.25,0.836,3.132,0.343,0.005,138,57792,9406
60.0,57.9,16.67,3.76,0.10,0.24,0.01,0.56,1.19,0.15,1.66,2.64,0.29,0.810,1.781,0.330,0.004,134,47280,7377
60.0,57.2,16.67,3.91,0.14,0.25,0.01,0.69,1.43,0.17,1.82,2.57,0.27,0.818,1.784,0.354,0.009,143,44688,5265
60.0,57.2,16.67,4.00,0.14,0.25,0.01,0.71,1.51,0.17,2.07,2.83,0.25,0.797,3.070,0.368,0.003,156,73596,10589
60.0,57.2,16.67,4.01,0.12,0.25,0.01,0.58,1.18,0.16,2.02,3.09,0.26,0.764,3.017,0.404,0.004,157,86632,11069
60.0,57.2,16.67,3.49,0.19,0.23,0.01,0.52,1.09,0.18,1.77,2.83,0.27,0.722,1.638,0.429,0.004,160,53528,4506
60.0,57.2,16.67,3.90,0.12,0.25,0.01,0.73,1.48,0.24,1.72,2.77,0.24,0.790,1.775,0.499,0.003,187,61832,6609
60.0,57.2,16.67,5.23,0.08,0.25,0.01,0.56,1.20,0.18,1.76,2.95,0.24,3.053,2.729,0.893,0.014,170,68844,8960
60.0,57.2,16.67,3.78,0.10,0.25,0.01,0.52,1.10,0.14,2.16,3.88,0.27,0.781,1.729,0.600,0.004,189,90200,14937
60.0,57.2,16.67,3.75,0.10,0.24,0.01,0.51,1.07,0.12,2.27,3.95,0.28,0.818,1.717,0.536,0.009,171,92296,17241
60.0,58.0,16.67,3.40,0.18,0.20,0.01,0.51,1.04,0.15,2.44,3.93,0.28,0.739,1.629,0.511,0.014,133,101988,13995
60.0,58.0,16.66,3.80,0.15,0.22,0.01,0.52,1.07,0.18,1.99,2.94,0.26,0.667,2.844,0.350,0.014,110,51996,5895
60.0,58.3,16.67,3.95,0.15,0.28,0.01,0.84,1.75,0.27,1.43,1.95,0.29,0.759,3.013,0.275,0.006,94,25692,1287
60.0,58.3,16.67,4.08,0.14,0.30,0.02,0.95,2.02,0.28,1.75,2.26,0.27,0.745,2.938,0.245,0.012,104,30900,4907
60.0,58.3,16.67,4.04,0.21,0.24,0.01,0.79,1.63,0.22,1.93,2.50,0.25,0.752,2.906,0.238,0.015,132,45484,8233
60.0,58.3,16.67,5.15,0.17,0.25,0.01,0.56,1.18,0.17,1.93,2.47,0.24,0.780,3.026,0.334,0.008,142,47320,7083
60.0,57.8,16.66,3.94,0.15,0.24,0.01,0.55,1.15,0.19,2.07,2.77,0.25,0.703,2.920,0.398,0.004,156,90464,13072
60.0,57.8,16.67,3.47,0.10,0.23,0.01,0.49,1.00,0.19,2.13,3.23,0.26,0.740,1.613,0.532,0.005,142,99796,13390
60.0,57.8,16.67,3.67,0.10,0.23,0.01,0.54,1.10,0.17,2.20,3.16,0.26,0.795,1.774,0.453,0.013,129,66928,10018
60.0,57.8,16.67,3.58,0.14,0.22,0.01,0.53,1.11,0.19,1.82,2.90,0.25,0.806,1.741,0.371,0.011,137,68532,11816
60.0,57.8,16.66,3.54,0.14,0.22,0.01,0.52,1.06,0.18,1.97,3.28,0.27,0.820,1.690,0.361,0.010,177,65372,10119
60.0,57.8,16.67,3.62,0.11,0.21,0.01,0.48,1.01,0.17,1.77,3.19,0.26,0.759,2.989,0.382,0.009,174,57712,7575
60.0,57.8,16.67,4.09,0.16,0.27,0.01,0.60,1.24,0.24,1.68,2.71,0.25,0.943,2.116,0.567,0.012,144,48132,5712
60.0,58.1,16.66,5.34,0.12,0.26,0.01,0.54,1.07,0.20,1.93,2.80,0.25,0.852,2.083,0.663,0.024,140,92304,10652
60.0,58.1,16.67,4.08,0.19,0.26,0.01,0.56,1.13,0.20,2.00,3.01,0.26,0.752,1.683,0.419,0.005,163,80788,9265
60.0,58.1,16.67,3.60,0.15,0.23,0.01,0.60,1.25,0.22,1.66,2.79,0.24,0.711,2.951,0.492,0.009,178,59208,4549
60.0,58.1,16.67,3.08,0.12,0.23,0.01,0.52,1.11,0.17,1.63,2.91,0.24,0.707,1.566,0.536,0.003,185,70480,8582
60.0,58.1,16.67,3.51,0.15,0.26,0.01,0.47,1.03,0.17,1.77,3.26,0.26,0.736,1.534,0.526,0.012,190,71464,9667
60.0,58.1,16.67,3.27,0.11,0.20,0.01,0.46,0.95,0.16,2.10,3.95,0.27,0.691,1.504,0.546,0.009,180,82420,13607
60.0,58.1,16.66,3.54,0.14,0.26,0.01,0.47,1.00,0.17,2.35,3.96,0.27,0.774,1.714,0.497,0.010,163,101968,19564
60.0,58.4,16.67,3.70,0.10,0.20,0.01,0.49,1.03,0.15,2.45,3.96,0.29,0.772,1.612,0.473,0.015,120,97672,13874
60.0,58.4,16.67,4.73,0.14,0.19,0.01,0.53,1.10,0.16,2.00,2.69,0.25,2.851,2.346,0.474,0.036,102,40904,4133
60.0,57.9,16.67,5.16,0.16,0.30,0.01,0.92,1.97,0.21,1.38,2.05,0.27,0.671,2.769,0.252,0.003,96,23800,1157
60.0,57.9,16.67,3.88,0.21,0.33,0.01,0.86,1.80,0.22,1.73,2.37,0.27,0.666,2.845,0.244,0.003,123,33788,5260
60.0,57.9,16.67,3.58,0.13,0.27,0.01,0.60,1.26,0.17,1.81,2.36,0.25,0.671,2.791,0.236,0.007,124,44300,8743
60.0,57.9,16.67,3.64,0.15,0.22,0.01,0.58,1.20,0.15,1.58,2.42,0.26,0.768,1.626,0.321,0.004,129,47896,6915
60.0,57.9,16.66,3.50,0.14,0.26,0.01,0.58,1.23,0.16,2.10,3.00,0.25,0.736,1.568,0.462,0.013,159,95516,13128
60.0,57.9,16.67,3.41,0.11,0.20,0.01,0.50,1.07,0.15,2.08,3.13,0.26,0.692,1.572,0.505,0.009,136,87688,11421
60.0,57.9,16.67,3.25,0.13,0.24,0.01,0.55,1.12,0.15,2.01,2.82,0.25,0.717,1.558,0.417,0.013,153,65112,8965
60.0,57.9,16.67,4.03,0.15,0.22,0.01,0.52,1.06,0.14,2.05,3.01,0.25,0.977,2.228,0.741,0.004,171,77320,13980
60.0,57.9,16.67,4.42,0.18,0.19,0.01,0.47,0.98,0.14,2.17,3.51,0.27,0.748,2.974,0.386,0.004,153,65340,10737
60.0,57.9,16.67,3.51,0.09,0.22,0.01,0.50,1.06,0.14,2.07,3.14,0.27,0.847,1.796,0.356,0.003,148,49556,6855
60.0,57.9,16.67,3.64,0.09,0.27,0.02,0.61,1.29,0.13,1.70,2.30,0.30,0.836,3.159,0.341,0.008,125,44128,6083
60.0,57.9,16.67,3.68,0.16,0.23,0.01,0.52,1.08,0.14,1.85,2.93,0.27,0.825,1.765,0.479,0.009,160,94192,10295
60.0,57.8,16.67,3.97,0.11,0.24,0.01,0.51,1.10,0.13,1.95,3.21,0.25,0.783,1.702,0.476,0.004,182,60552,6862
60.0,57.8,16.66,3.56,0.17,0.25,0.01,0.62,1.31,0.19,1.55,2.54,0.26,0.740,2.922,0.416,0.005,149,49120,4232
60.0,57.3,16.67,4.01,0.18,0.25,0.01,0.67,1.38,0.24,1.79,2.72,0.24,0.730,2.877,0.477,0.003,171,64396,8611
60.0,57.3,16.67,4.61,0.09,0.20,0.01,0.50,1.08,0.17,1.80,2.88,0.26,1.153,2.475,0.796,0.016,183,71252,10656
60.0,57.3,16.67,4.48,0.16,0.27,0.01,0.50,1.05,0.17,1.99,3.70,0.30,0.718,2.984,0.545,0.006,200,81512,13047
60.0,57.3,16.67,3.71,0.10,0.23,0.01,0.50,1.03,0.16,2.32,4.08,0.27,0.762,2.960,0.559,0.014,188,106060,19084
60.0,57.3,16.67,3.64,0.13,0.21,0.01,0.49,1.02,0.15,2.60,4.39,0.29,0.729,1.562,0.575,0.012,135,103656,15259
60.0,57.3,16.67,3.65,0.14,0.23,0.01,0.54,1.12,0.17,2.11,2.88,0.25,0.706,2.808,0.342,0.006,110,40640,3155
60.0,57.3,16.67,3.82,0.13,0.32,0.01,0.90,1.91,0.24,1.45,2.30,0.29,0.669,2.845,0.317,0.008,105,30328,1452
60.0,57.3,16.67,4.02,0.15,0.28,0.01,0.87,1.83,0.19,1.78,2.43,0.26,0.773,1.695,0.327,0.007,110,35608,4932
60.0,57.5,16.67,3.78,0.15,0.28,0.01,0.66,1.42,0.14,1.87,2.52,0.24,0.788,1.687,0.336,0.004,131,45628,7917
60.0,57.5,16.67,4.51,0.12,0.26,0.01,0.64,1.38,0.11,1.77,2.50,0.24,2.953,2.599,0.604,0.015,136,48852,7363
60.0,57.5,16.67,4.91,0.15,0.26,0.01,0.56,1.15,0.12,1.99,3.00,0.25,0.743,1.642,0.509,0.009,157,97304,11824
60.0,57.5,16.67,3.48,0.15,0.24,0.01,0.48,1.01,0.14,1.92,3.16,0.26,0.701,1.627,0.466,0.010,149,73672,9955
60.0,57.5,16.67,3.73,0.17,0.30,0.01,0.65,1.34,0.20,2.02,2.90,0.25,0.812,1.752,0.447,0.003,164,65988,9512
60.0,57.5,16.67,3.96,0.16,0.21,0.01,0.55,1.15,0.17,2.08,3.22,0.26,0.790,1.699,0.449,0.007,184,82404,15558
60.0,57.7,16.67,3.62,0.10,0.22,0.01,0.53,1.10,0.17,2.09,3.59,0.26,0.786,3.029,0.431,0.015,149,70248,12191
60.0,57.7,16.67,3.62,0.11,0.26,0.01,0.53,1.12,0.15,1.95,2.82,0.25,0.742,2.982,0.348,0.008,125,46880,6504
60.0,57.7,16.67,4.05,0.22,0.25,0.01,0.68,1.40,0.17,1.84,2.53,0.24,0.718,2.925,0.326,0.006,149,62524,8974
60.0,58.1,16.67,5.12,0.13,0.23,0.01,0.55,1.13,0.17,1.94,2.85,0.25,2.877,2.469,0.731,0.008,144,86644,9703
60.0,58.3,16.67,3.96,0.10,0.20,0.01,0.54,1.13,0.16,1.67,2.73,0.29,0.827,3.102,0.381,0.008,143,43316,3900
60.0,58.3,16.66,3.93,0.13,0.24,0.01,0.70,1.57,0.18,1.33,2.38,0.27,0.808,3.121,0.411,0.008,141,44560,3934
60.0,58.0,16.67,4.12,0.13,0.25,0.01,0.69,1.43,0.18,1.90,2.81,0.25,0.769,3.106,0.440,0.009,167,59816,7714
60.0,58.0,16.67,3.76,0.17,0.23,0.01,0.60,1.23,0.16,2.04,3.09,0.25,0.783,1.748,0.489,0.007,198,73296,10850
60.0,58.0,16.67,3.68,0.16,0.23,0.01,0.49,1.04,0.15,1.89,3.63,0.26,0.708,2.946,0.526,0.012,195,79472,13369
60.0,58.0,16.67,3.57,0.09,0.23,0.01,0.48,1.03,0.17,2.41,4.69,0.29,0.722,3.032,0.602,0.015,175,126180,20054
60.0,58.0,16.67,3.82,0.10,0.21,0.01,0.53,1.14,0.16,2.43,4.46,0.29,1.044,2.475,0.906,0.028,140,86892,12928
60.0,58.0,16.67,5.02,0.15,0.27,0.01,0.57,1.24,0.15,1.60,2.38,0.26,0.777,1.721,0.339,0.006,105,36616,2730
60.0,58.0,16.67,3.98,0.20,0.28,0.01,0.73,1.70,0.17,1.55,2.31,0.28,0.764,3.044,0.303,0.011,135,42720,4489
60.0,58.0,16.67,3.75,0.17,0.24,0.01,0.61,1.35,0.16,1.60,2.51,0.27,0.724,2.904,0.310,0.013,158,49052,6667
60.0,58.2,16.67,3.36,0.16,0.23,0.01,0.63,1.17,0.19,1.72,2.76,0.26,0.734,1.561,0.338,0.004,141,46200,6995
60.0,58.2,16.67,3.42,0.10,0.21,0.01,0.61,1.24,0.22,1.91,2.68,0.25,0.723,1.522,0.383,0.005,146,62076,10280
60.0,58.1,16.67,3.42,0.13,0.27,0.01,0.56,1.14,0.18,2.04,3.05,0.26,0.765,1.723,0.490,0.004,149,100052,12035
60.0,58.1,16.67,3.89,0.15,0.22,0.01,0.55,1.12,0.16,1.91,2.95,0.25,0.755,3.022,0.478,0.003,140,58616,6609
60.0,58.1,16.67,4.64,0.12,0.28,0.01,0.66,1.42,0.19,1.85,2.65,0.25,0.969,2.294,0.750,0.032,165,66200,9196
60.0,58.1,16.67,4.19,0.12,0.21,0.01,0.50,1.06,0.14,2.02,3.37,0.27,0.775,1.704,0.443,0.013,178,82136,15178
60.0,58.1,16.67,3.50,0.12,0.23,0.01,0.48,1.01,0.17,2.22,3.74,0.27,0.706,2.966,0.411,0.009,141,71880,13707
60.0,58.1,16.67,3.70,0.11,0.23,0.01,0.58,1.21,0.18,1.98,2.88,0.25,2.100,1.914,0.272,0.014,106,42472,6713
60.0,58.1,16.66,4.29,0.19,0.24,0.01,0.72,1.51,0.21,2.09,2.55,0.24,2.042,1.909,0.302,0.007,120,74212,9435
60.0,58.1,16.67,3.89,0.14,0.25,0.01,0.72,1.37,0.18,1.80,2.75,0.25,0.775,1.740,0.382,0.010,135,74188,8736
60.0,58.1,16.67,4.16,0.15,0.25,0.01,0.74,1.53,0.17,1.76,2.49,0.23,0.785,2.999,0.349,0.001,138,41612,2979
60.0,58.2,16.66,3.92,0.19,0.26,0.01,0.74,1.66,0.22,1.60,2.58,0.25,0.749,1.647,0.341,0.005,148,45056,5203
60.0,58.2,16.67,4.76,0.18,0.24,0.01,0.62,1.25,0.24,1.85,2.64,0.24,2.902,2.356,0.631,0.022,154,57176,7700
60.0,58.2,16.67,4.59,0.13,0.20,0.01,0.53,1.06,0.20,2.04,2.92,0.27,0.825,3.135,0.486,0.007,192,73444,10357
60.0,58.2,16.67,4.06,0.11,0.23,0.01,0.57,1.20,0.20,1.92,3.22,0.25,0.825,3.118,0.525,0.007,217,85124,12789
60.0,58.3,16.67,4.06,0.10,0.17,0.01,0.51,1.04,0.17,2.40,4.46,0.28,0.803,1.738,0.695,0.003,198,128676,19131
60.0,58.3,16.67,3.57,0.09,0.17,0.01,0.50,1.04,0.14,2.67,4.49,0.28,0.735,1.742,0.540,0.006,140,88068,14507
60.0,58.3,16.66,3.86,0.15,0.22,0.01,0.58,1.21,0.17,2.07,2.69,0.24,0.728,2.967,0.342,0.004,125,48888,4427
60.0,58.3,16.67,4.14,0.19,0.28,0.01,0.77,1.60,0.21,1.94,2.55,0.25,0.760,2.932,0.357,0.007,131,46932,4728
60.0,58.3,16.66,4.02,0.16,0.24,0.01,0.68,1.44,0.20,1.70,2.58,0.24,0.799,1.837,0.323,0.007,140,48240,6050
60.0,58.3,16.67,4.46,0.11,0.23,0.01,0.68,1.37,0.19,1.80,2.73,0.26,3.224,2.932,0.570,0.019,156,50624,6587
60.0,58.3,16.67,5.22,0.17,0.26,0.01,0.68,1.34,0.19,1.94,2.68,0.24,0.761,3.056,0.386,0.006,167,67068,9888
60.0,58.3,16.66,4.15,0.10,0.23,0.01,0.53,1.10,0.16,2.15,3.17,0.26,0.730,3.007,0.528,0.012,144,99764,11988
60.0,58.4,16.66,3.86,0.13,0.20,0.01,0.54,1.12,0.15,1.97,3.00,0.25,0.723,1.695,0.445,0.007,150,60964,7372
60.0,58.2,16.67,4.12,0.18,0.26,0.01,0.72,1.50,0.21,1.79,2.78,0.25,0.733,1.627,0.420,0.005,161,52844,5814
60.0,58.2,16.67,3.72,0.17,0.24,0.01,0.59,1.18,0.18,2.11,3.08,0.25,0.816,1.786,0.446,0.012,167,76592,13540
